This is pdfTeX, Version 3.141592653-2.6-1.40.26 (TeX Live 2024) (preloaded format=pdflatex 2024.11.20)  9 JUN 2026 11:03
entering extended mode
 restricted \write18 enabled.
 file:line:error style messages enabled.
 %&-line parsing enabled.
**/Users/gianmarconaf/Documents/Gian_Marco/Studium/zusammenfassungen/Zusammenfassungen/regTec4/regelungstechnik_4.tex
(/Users/gianmarconaf/Documents/Gian_Marco/Studium/zusammenfassungen/Zusammenfassungen/regTec4/regelungstechnik_4.tex
LaTeX2e <2023-11-01> patch level 1
L3 programming layer <2024-02-20>
(/usr/local/texlive/2024/texmf-dist/tex/latex/extsizes/extarticle.cls
Document Class: extarticle 1996/10/08 v1.0 Non Standard LaTeX document class
(/usr/local/texlive/2024/texmf-dist/tex/latex/extsizes/size8.clo
File: size8.clo 1999/11/11 v1.4a NON-Standard LaTeX file (size option)
) (/usr/local/texlive/2024/texmf-dist/tex/latex/base/exscale.sty
Package: exscale 2018/09/24 v2.1i Standard LaTeX package exscale
LaTeX Font Info:    Redeclaring symbol font `largesymbols' on input line 57.
LaTeX Font Info:    Overwriting symbol font `largesymbols' in version `normal'
(Font)                  OMX/cmex/m/n --> OMX/cmex/m/n on input line 57.
LaTeX Font Info:    Overwriting symbol font `largesymbols' in version `bold'
(Font)                  OMX/cmex/m/n --> OMX/cmex/m/n on input line 57.
\big@size=\dimen140
)
\c@part=\count188
\c@section=\count189
\c@subsection=\count190
\c@subsubsection=\count191
\c@paragraph=\count192
\c@subparagraph=\count193
\c@figure=\count194
\c@table=\count195
\abovecaptionskip=\skip48
\belowcaptionskip=\skip49
\bibindent=\dimen141
) (./preamble.tex (/usr/local/texlive/2024/texmf-dist/tex/latex/base/inputenc.sty
Package: inputenc 2021/02/14 v1.3d Input encoding file
\inpenc@prehook=\toks17
\inpenc@posthook=\toks18
) (/usr/local/texlive/2024/texmf-dist/tex/latex/base/fontenc.sty
Package: fontenc 2021/04/29 v2.0v Standard LaTeX package
) (/usr/local/texlive/2024/texmf-dist/tex/latex/base/textcomp.sty
Package: textcomp 2020/02/02 v2.0n Standard LaTeX package
) (/usr/local/texlive/2024/texmf-dist/tex/latex/psnfss/times.sty
Package: times 2020/03/25 PSNFSS-v9.3 (SPQR) 
) (/usr/local/texlive/2024/texmf-dist/tex/latex/inconsolata/inconsolata.sty
Package: inconsolata 2019/05/17 v1.12
 `inconsolata-zi4' v1.12, 2019/05/17 Text macros for Inconsolata (msharpe) (/usr/local/texlive/2024/texmf-dist/tex/latex/xkeyval/xkeyval.sty
Package: xkeyval 2022/06/16 v2.9 package option processing (HA)
 (/usr/local/texlive/2024/texmf-dist/tex/generic/xkeyval/xkeyval.tex (/usr/local/texlive/2024/texmf-dist/tex/generic/xkeyval/xkvutils.tex
\XKV@toks=\toks19
\XKV@tempa@toks=\toks20
 (/usr/local/texlive/2024/texmf-dist/tex/generic/xkeyval/keyval.tex))
\XKV@depth=\count196
File: xkeyval.tex 2014/12/03 v2.7a key=value parser (HA)
))
\zifour@ocount=\count197
) (/usr/local/texlive/2024/texmf-dist/tex/generic/babel/babel.sty
Package: babel 2024/02/07 v24.2 The Babel package
\babel@savecnt=\count198
\U@D=\dimen142
\l@unhyphenated=\language89
 (/usr/local/texlive/2024/texmf-dist/tex/generic/babel/txtbabel.def)
\bbl@readstream=\read2
\bbl@dirlevel=\count199
Package babel Info: Main language set with 'main='. Except if you have
(babel)             problems, prefer the default mechanism for setting
(babel)             the main language, ie, as the last declared.
(babel)             Reported on input line 4169.
 (/usr/local/texlive/2024/texmf-dist/tex/generic/babel-german/ngerman.ldf
Language: ngerman 2024/01/19 v2.14 German support for babel (post-1996 orthography)
 (/usr/local/texlive/2024/texmf-dist/tex/generic/babel-german/ngermanb.ldf
Language: ngermanb 2024/01/19 v2.14 German support for babel (post-1996 orthography)
Package babel Info: Making " an active character on input line 122.
))) (/usr/local/texlive/2024/texmf-dist/tex/generic/babel/locale/de/babel-ngerman.tex
Package babel Info: Importing font and identification data for ngerman
(babel)             from babel-de.ini. Reported on input line 11.
) (/usr/local/texlive/2024/texmf-dist/tex/latex/tools/multicol.sty
Package: multicol 2023/03/30 v1.9f multicolumn formatting (FMi)
\c@tracingmulticols=\count266
\mult@box=\box51
\multicol@leftmargin=\dimen143
\c@unbalance=\count267
\c@collectmore=\count268
\doublecol@number=\count269
\multicoltolerance=\count270
\multicolpretolerance=\count271
\full@width=\dimen144
\page@free=\dimen145
\premulticols=\dimen146
\postmulticols=\dimen147
\multicolsep=\skip50
\multicolbaselineskip=\skip51
\partial@page=\box52
\last@line=\box53
\mc@boxedresult=\box54
\maxbalancingoverflow=\dimen148
\mult@rightbox=\box55
\mult@grightbox=\box56
\mult@firstbox=\box57
\mult@gfirstbox=\box58
\@tempa=\box59
\@tempa=\box60
\@tempa=\box61
\@tempa=\box62
\@tempa=\box63
\@tempa=\box64
\@tempa=\box65
\@tempa=\box66
\@tempa=\box67
\@tempa=\box68
\@tempa=\box69
\@tempa=\box70
\@tempa=\box71
\@tempa=\box72
\@tempa=\box73
\@tempa=\box74
\@tempa=\box75
\@tempa=\box76
\@tempa=\box77
\@tempa=\box78
\@tempa=\box79
\@tempa=\box80
\@tempa=\box81
\@tempa=\box82
\@tempa=\box83
\@tempa=\box84
\@tempa=\box85
\@tempa=\box86
\@tempa=\box87
\@tempa=\box88
\@tempa=\box89
\@tempa=\box90
\@tempa=\box91
\@tempa=\box92
\@tempa=\box93
\@tempa=\box94
\c@minrows=\count272
\c@columnbadness=\count273
\c@finalcolumnbadness=\count274
\last@try=\dimen149
\multicolovershoot=\dimen150
\multicolundershoot=\dimen151
\mult@nat@firstbox=\box95
\colbreak@box=\box96
\mc@col@check@num=\count275
) (/usr/local/texlive/2024/texmf-dist/tex/latex/geometry/geometry.sty
Package: geometry 2020/01/02 v5.9 Page Geometry
 (/usr/local/texlive/2024/texmf-dist/tex/generic/iftex/ifvtex.sty
Package: ifvtex 2019/10/25 v1.7 ifvtex legacy package. Use iftex instead.
 (/usr/local/texlive/2024/texmf-dist/tex/generic/iftex/iftex.sty
Package: iftex 2022/02/03 v1.0f TeX engine tests
))
\Gm@cnth=\count276
\Gm@cntv=\count277
\c@Gm@tempcnt=\count278
\Gm@bindingoffset=\dimen152
\Gm@wd@mp=\dimen153
\Gm@odd@mp=\dimen154
\Gm@even@mp=\dimen155
\Gm@layoutwidth=\dimen156
\Gm@layoutheight=\dimen157
\Gm@layouthoffset=\dimen158
\Gm@layoutvoffset=\dimen159
\Gm@dimlist=\toks21
) (/usr/local/texlive/2024/texmf-dist/tex/latex/enumitem/enumitem.sty
Package: enumitem 2019/06/20 v3.9 Customized lists
\enitkv@toks@=\toks22
\labelindent=\skip52
\enit@outerparindent=\dimen160
\enit@toks=\toks23
\enit@inbox=\box97
\enit@count@id=\count279
\enitdp@description=\count280
) (/usr/local/texlive/2024/texmf-dist/tex/latex/outlines/outlines.sty
Package: outlines 2012/1/23 1.1 Ch. Pecheur
 (/usr/local/texlive/2024/texmf-dist/tex/latex/base/ifthen.sty
Package: ifthen 2022/04/13 v1.1d Standard LaTeX ifthen package (DPC)
)) (/usr/local/texlive/2024/texmf-dist/tex/latex/tools/tabularx.sty
Package: tabularx 2023/07/08 v2.11c `tabularx' package (DPC)
 (/usr/local/texlive/2024/texmf-dist/tex/latex/tools/array.sty
Package: array 2023/10/16 v2.5g Tabular extension package (FMi)
\col@sep=\dimen161
\ar@mcellbox=\box98
\extrarowheight=\dimen162
\NC@list=\toks24
\extratabsurround=\skip53
\backup@length=\skip54
\ar@cellbox=\box99
)
\TX@col@width=\dimen163
\TX@old@table=\dimen164
\TX@old@col=\dimen165
\TX@target=\dimen166
\TX@delta=\dimen167
\TX@cols=\count281
\TX@ftn=\toks25
) (/usr/local/texlive/2024/texmf-dist/tex/latex/tabu/tabu.sty
Package: tabu 2019/01/11 v2.9 - flexible LaTeX tabulars (FC+tabu-fixed)
 (/usr/local/texlive/2024/texmf-dist/tex/latex/varwidth/varwidth.sty
Package: varwidth 2009/03/30 ver 0.92;  Variable-width minipages
\@vwid@box=\box100
\sift@deathcycles=\count282
\@vwid@loff=\dimen168
\@vwid@roff=\dimen169
)
\c@taburow=\count283
\tabu@nbcols=\count284
\tabu@cnt=\count285
\tabu@Xcol=\count286
\tabu@alloc=\count287
\tabu@nested=\count288
\tabu@target=\dimen170
\tabu@spreadtarget=\dimen171
\tabu@naturalX=\dimen172
\tabucolX=\dimen173
\tabu@Xsum=\dimen174
\extrarowdepth=\dimen175
\abovetabulinesep=\dimen176
\belowtabulinesep=\dimen177
\tabustrutrule=\dimen178
\tabu@thebody=\toks26
\tabu@footnotes=\toks27
\tabu@box=\box101
\tabu@arstrutbox=\box102
\tabu@hleads=\box103
\tabu@vleads=\box104
\tabu@cellskip=\skip55
) (/usr/local/texlive/2024/texmf-dist/tex/latex/tools/hhline.sty
Package: hhline 2020/01/04 v2.04 Table rule package (DPC)
) (/usr/local/texlive/2024/texmf-dist/tex/latex/booktabs/booktabs.sty
Package: booktabs 2020/01/12 v1.61803398 Publication quality tables
\heavyrulewidth=\dimen179
\lightrulewidth=\dimen180
\cmidrulewidth=\dimen181
\belowrulesep=\dimen182
\belowbottomsep=\dimen183
\aboverulesep=\dimen184
\abovetopsep=\dimen185
\cmidrulesep=\dimen186
\cmidrulekern=\dimen187
\defaultaddspace=\dimen188
\@cmidla=\count289
\@cmidlb=\count290
\@aboverulesep=\dimen189
\@belowrulesep=\dimen190
\@thisruleclass=\count291
\@lastruleclass=\count292
\@thisrulewidth=\dimen191
) (/usr/local/texlive/2024/texmf-dist/tex/latex/shipunov/boldline.sty
Package: boldline 2008/02/04 v0.2 Adjust line width in tables


Package array Warning: Column V is already defined on input line 9.

) (/usr/local/texlive/2024/texmf-dist/tex/latex/amsmath/amsmath.sty
Package: amsmath 2023/05/13 v2.17o AMS math features
\@mathmargin=\skip56

For additional information on amsmath, use the `?' option.
(/usr/local/texlive/2024/texmf-dist/tex/latex/amsmath/amstext.sty
Package: amstext 2021/08/26 v2.01 AMS text
 (/usr/local/texlive/2024/texmf-dist/tex/latex/amsmath/amsgen.sty
File: amsgen.sty 1999/11/30 v2.0 generic functions
\@emptytoks=\toks28
\ex@=\dimen192
)) (/usr/local/texlive/2024/texmf-dist/tex/latex/amsmath/amsbsy.sty
Package: amsbsy 1999/11/29 v1.2d Bold Symbols
\pmbraise@=\dimen193
) (/usr/local/texlive/2024/texmf-dist/tex/latex/amsmath/amsopn.sty
Package: amsopn 2022/04/08 v2.04 operator names
)
\inf@bad=\count293
LaTeX Info: Redefining \frac on input line 234.
\uproot@=\count294
\leftroot@=\count295
LaTeX Info: Redefining \overline on input line 399.
LaTeX Info: Redefining \colon on input line 410.
\classnum@=\count296
\DOTSCASE@=\count297
LaTeX Info: Redefining \ldots on input line 496.
LaTeX Info: Redefining \dots on input line 499.
LaTeX Info: Redefining \cdots on input line 620.
\Mathstrutbox@=\box105
\strutbox@=\box106
LaTeX Info: Redefining \big on input line 722.
LaTeX Info: Redefining \Big on input line 723.
LaTeX Info: Redefining \bigg on input line 724.
LaTeX Info: Redefining \Bigg on input line 725.
\big@size=\dimen194
LaTeX Font Info:    Redeclaring font encoding OML on input line 743.
LaTeX Font Info:    Redeclaring font encoding OMS on input line 744.
\macc@depth=\count298
LaTeX Info: Redefining \bmod on input line 905.
LaTeX Info: Redefining \pmod on input line 910.
LaTeX Info: Redefining \smash on input line 940.
LaTeX Info: Redefining \relbar on input line 970.
LaTeX Info: Redefining \Relbar on input line 971.
\c@MaxMatrixCols=\count299
\dotsspace@=\muskip16
\c@parentequation=\count300
\dspbrk@lvl=\count301
\tag@help=\toks29
\row@=\count302
\column@=\count303
\maxfields@=\count304
\andhelp@=\toks30
\eqnshift@=\dimen195
\alignsep@=\dimen196
\tagshift@=\dimen197
\tagwidth@=\dimen198
\totwidth@=\dimen199
\lineht@=\dimen256
\@envbody=\toks31
\multlinegap=\skip57
\multlinetaggap=\skip58
\mathdisplay@stack=\toks32
LaTeX Info: Redefining \[ on input line 2953.
LaTeX Info: Redefining \] on input line 2954.
) (/usr/local/texlive/2024/texmf-dist/tex/latex/amsfonts/amssymb.sty
Package: amssymb 2013/01/14 v3.01 AMS font symbols
 (/usr/local/texlive/2024/texmf-dist/tex/latex/amsfonts/amsfonts.sty
Package: amsfonts 2013/01/14 v3.01 Basic AMSFonts support
\symAMSa=\mathgroup4
\symAMSb=\mathgroup5
LaTeX Font Info:    Redeclaring math symbol \hbar on input line 98.
LaTeX Font Info:    Overwriting math alphabet `\mathfrak' in version `bold'
(Font)                  U/euf/m/n --> U/euf/b/n on input line 106.
)) (/usr/local/texlive/2024/texmf-dist/tex/latex/mathtools/mathtools.sty
Package: mathtools 2024/03/11 v1.30 mathematical typesetting tools
 (/usr/local/texlive/2024/texmf-dist/tex/latex/tools/calc.sty
Package: calc 2023/07/08 v4.3 Infix arithmetic (KKT,FJ)
\calc@Acount=\count305
\calc@Bcount=\count306
\calc@Adimen=\dimen257
\calc@Bdimen=\dimen258
\calc@Askip=\skip59
\calc@Bskip=\skip60
LaTeX Info: Redefining \setlength on input line 80.
LaTeX Info: Redefining \addtolength on input line 81.
\calc@Ccount=\count307
\calc@Cskip=\skip61
) (/usr/local/texlive/2024/texmf-dist/tex/latex/mathtools/mhsetup.sty
Package: mhsetup 2021/03/18 v1.4 programming setup (MH)
)
\g_MT_multlinerow_int=\count308
\l_MT_multwidth_dim=\dimen259
\origjot=\skip62
\l_MT_shortvdotswithinadjustabove_dim=\dimen260
\l_MT_shortvdotswithinadjustbelow_dim=\dimen261
\l_MT_above_intertext_sep=\dimen262
\l_MT_below_intertext_sep=\dimen263
\l_MT_above_shortintertext_sep=\dimen264
\l_MT_below_shortintertext_sep=\dimen265
\xmathstrut@box=\box107
\xmathstrut@dim=\dimen266
) (/usr/local/texlive/2024/texmf-dist/tex/latex/txfonts/txfonts.sty
Package: txfonts 2008/01/22 v3.2.1
LaTeX Font Info:    Redeclaring symbol font `operators' on input line 21.
LaTeX Font Info:    Overwriting symbol font `operators' in version `normal'
(Font)                  OT1/cmr/m/n --> OT1/txr/m/n on input line 21.
LaTeX Font Info:    Overwriting symbol font `operators' in version `bold'
(Font)                  OT1/cmr/bx/n --> OT1/txr/m/n on input line 21.
LaTeX Font Info:    Overwriting symbol font `operators' in version `bold'
(Font)                  OT1/txr/m/n --> OT1/txr/bx/n on input line 22.
\symitalic=\mathgroup6
LaTeX Font Info:    Overwriting symbol font `italic' in version `bold'
(Font)                  OT1/txr/m/it --> OT1/txr/bx/it on input line 26.
LaTeX Font Info:    Redeclaring math alphabet \mathbf on input line 29.
LaTeX Font Info:    Overwriting math alphabet `\mathbf' in version `normal'
(Font)                  OT1/cmr/bx/n --> OT1/txr/bx/n on input line 29.
LaTeX Font Info:    Overwriting math alphabet `\mathbf' in version `bold'
(Font)                  OT1/cmr/bx/n --> OT1/txr/bx/n on input line 29.
LaTeX Font Info:    Redeclaring math alphabet \mathit on input line 30.
LaTeX Font Info:    Overwriting math alphabet `\mathit' in version `normal'
(Font)                  OT1/cmr/m/it --> OT1/txr/m/it on input line 30.
LaTeX Font Info:    Overwriting math alphabet `\mathit' in version `bold'
(Font)                  OT1/cmr/bx/it --> OT1/txr/m/it on input line 30.
LaTeX Font Info:    Overwriting math alphabet `\mathit' in version `bold'
(Font)                  OT1/txr/m/it --> OT1/txr/bx/it on input line 31.
LaTeX Font Info:    Redeclaring math alphabet \mathsf on input line 40.
LaTeX Font Info:    Overwriting math alphabet `\mathsf' in version `normal'
(Font)                  OT1/cmss/m/n --> OT1/txss/m/n on input line 40.
LaTeX Font Info:    Overwriting math alphabet `\mathsf' in version `bold'
(Font)                  OT1/cmss/bx/n --> OT1/txss/m/n on input line 40.
LaTeX Font Info:    Overwriting math alphabet `\mathsf' in version `bold'
(Font)                  OT1/txss/m/n --> OT1/txss/b/n on input line 41.
LaTeX Font Info:    Redeclaring math alphabet \mathtt on input line 50.
LaTeX Font Info:    Overwriting math alphabet `\mathtt' in version `normal'
(Font)                  OT1/cmtt/m/n --> OT1/txtt/m/n on input line 50.
LaTeX Font Info:    Overwriting math alphabet `\mathtt' in version `bold'
(Font)                  OT1/cmtt/m/n --> OT1/txtt/m/n on input line 50.
LaTeX Font Info:    Overwriting math alphabet `\mathtt' in version `bold'
(Font)                  OT1/txtt/m/n --> OT1/txtt/b/n on input line 51.
LaTeX Font Info:    Redeclaring symbol font `letters' on input line 58.
LaTeX Font Info:    Overwriting symbol font `letters' in version `normal'
(Font)                  OML/cmm/m/it --> OML/txmi/m/it on input line 58.
LaTeX Font Info:    Overwriting symbol font `letters' in version `bold'
(Font)                  OML/cmm/b/it --> OML/txmi/m/it on input line 58.
LaTeX Font Info:    Overwriting symbol font `letters' in version `bold'
(Font)                  OML/txmi/m/it --> OML/txmi/bx/it on input line 59.
\symlettersA=\mathgroup7
LaTeX Font Info:    Overwriting symbol font `lettersA' in version `bold'
(Font)                  U/txmia/m/it --> U/txmia/bx/it on input line 67.
LaTeX Font Info:    Redeclaring math alphabet \mathfrak on input line 70.
LaTeX Font Info:    Redeclaring symbol font `symbols' on input line 77.
LaTeX Font Info:    Overwriting symbol font `symbols' in version `normal'
(Font)                  OMS/cmsy/m/n --> OMS/txsy/m/n on input line 77.
LaTeX Font Info:    Overwriting symbol font `symbols' in version `bold'
(Font)                  OMS/cmsy/b/n --> OMS/txsy/m/n on input line 77.
LaTeX Font Info:    Overwriting symbol font `symbols' in version `bold'
(Font)                  OMS/txsy/m/n --> OMS/txsy/bx/n on input line 78.
LaTeX Font Info:    Redeclaring symbol font `AMSa' on input line 93.
LaTeX Font Info:    Overwriting symbol font `AMSa' in version `normal'
(Font)                  U/msa/m/n --> U/txsya/m/n on input line 93.
LaTeX Font Info:    Overwriting symbol font `AMSa' in version `bold'
(Font)                  U/msa/m/n --> U/txsya/m/n on input line 93.
LaTeX Font Info:    Overwriting symbol font `AMSa' in version `bold'
(Font)                  U/txsya/m/n --> U/txsya/bx/n on input line 94.
LaTeX Font Info:    Redeclaring symbol font `AMSb' on input line 102.
LaTeX Font Info:    Overwriting symbol font `AMSb' in version `normal'
(Font)                  U/msb/m/n --> U/txsyb/m/n on input line 102.
LaTeX Font Info:    Overwriting symbol font `AMSb' in version `bold'
(Font)                  U/msb/m/n --> U/txsyb/m/n on input line 102.
LaTeX Font Info:    Overwriting symbol font `AMSb' in version `bold'
(Font)                  U/txsyb/m/n --> U/txsyb/bx/n on input line 103.
\symsymbolsC=\mathgroup8
LaTeX Font Info:    Overwriting symbol font `symbolsC' in version `bold'
(Font)                  U/txsyc/m/n --> U/txsyc/bx/n on input line 113.
LaTeX Font Info:    Redeclaring symbol font `largesymbols' on input line 120.
LaTeX Font Info:    Overwriting symbol font `largesymbols' in version `normal'
(Font)                  OMX/cmex/m/n --> OMX/txex/m/n on input line 120.
LaTeX Font Info:    Overwriting symbol font `largesymbols' in version `bold'
(Font)                  OMX/cmex/m/n --> OMX/txex/m/n on input line 120.
LaTeX Font Info:    Overwriting symbol font `largesymbols' in version `bold'
(Font)                  OMX/txex/m/n --> OMX/txex/bx/n on input line 121.
\symlargesymbolsA=\mathgroup9
LaTeX Font Info:    Overwriting symbol font `largesymbolsA' in version `bold'
(Font)                  U/txexa/m/n --> U/txexa/bx/n on input line 129.
LaTeX Font Info:    Redeclaring math symbol \mathsterling on input line 164.
LaTeX Info: Redefining \not on input line 1043.
) (/usr/local/texlive/2024/texmf-dist/tex/latex/siunits/SIunits.sty
Package: SIunits 2007/12/02 v1.36 Support for the International System of units (MH)


\@qskwidth=\skip63
LaTeX Font Info:    Redeclaring font encoding TS1 on input line 46.
\symgreek=\mathgroup10
(/usr/local/texlive/2024/texmf-dist/tex/latex/siunits/SIunits.cfg)
Option `squaren' provided!
) (/usr/local/texlive/2024/texmf-dist/tex/latex/tools/bm.sty
Package: bm 2023/07/08 v1.2f Bold Symbol Support (DPC/FMi)
\symboldoperators=\mathgroup11
\symboldletters=\mathgroup12
\symboldsymbols=\mathgroup13
\symboldlargesymbols=\mathgroup14
Package bm Info: No bold for \OML/eur/m/n, using \pmb.
LaTeX Font Info:    Redeclaring math alphabet \mathbf on input line 149.
) (/usr/local/texlive/2024/texmf-dist/tex/latex/trfsigns/trfsigns.sty
Package: trfsigns 
) (/usr/local/texlive/2024/texmf-dist/tex/latex/jknapltx/mathrsfs.sty
Package: mathrsfs 1996/01/01 Math RSFS package v1.0 (jk)
\symrsfs=\mathgroup15
) (/usr/local/texlive/2024/texmf-dist/tex/latex/mathtools/empheq.sty
Package: empheq 2017/03/31 v2.15 Emphasizing equations
\l_EQ_equationtype_int=\count309
\l_EQ_alignmentmode_int=\count310
\l_EQ_totalwidth_dim=\dimen267
\l_EQ_displaywidth_dim=\dimen268
\l_EQ_temp_linewidth_dim=\dimen269
\l_EQ_linewidth_dim=\dimen270
\EmphEqdelimitershortfall=\dimen271
\EmphEqdelimiterfactor=\count311
\g_EQ_toptag_height_dim=\dimen272
\g_EQ_bottomtag_depth_dim=\dimen273
\g_EQ_toprow_height_dim=\dimen274
\g_EQ_bottomrow_depth_dim=\dimen275
\g_EQ_widesttag_dim=\dimen276
\EQ_mathdisplay_box=\box108
\EQ_tag_box=\box109
\g_EQ_temprow_int=\count312
) (/usr/local/texlive/2024/texmf-dist/tex/latex/polynom/polynom.sty
Package: polynom 2017/07/17 0.19 (CH,HA)
\pld@currstage=\count313
) (/usr/local/texlive/2024/texmf-dist/tex/latex/graphics/graphicx.sty
Package: graphicx 2021/09/16 v1.2d Enhanced LaTeX Graphics (DPC,SPQR)
 (/usr/local/texlive/2024/texmf-dist/tex/latex/graphics/graphics.sty
Package: graphics 2022/03/10 v1.4e Standard LaTeX Graphics (DPC,SPQR)
 (/usr/local/texlive/2024/texmf-dist/tex/latex/graphics/trig.sty
Package: trig 2021/08/11 v1.11 sin cos tan (DPC)
) (/usr/local/texlive/2024/texmf-dist/tex/latex/graphics-cfg/graphics.cfg
File: graphics.cfg 2016/06/04 v1.11 sample graphics configuration
)
Package graphics Info: Driver file: pdftex.def on input line 107.
 (/usr/local/texlive/2024/texmf-dist/tex/latex/graphics-def/pdftex.def
File: pdftex.def 2022/09/22 v1.2b Graphics/color driver for pdftex
))
\Gin@req@height=\dimen277
\Gin@req@width=\dimen278
) (/usr/local/texlive/2024/texmf-dist/tex/latex/graphbox/graphbox.sty
Package: graphbox 2018/01/17 v1.1 extension for graphicx to adjust containing box
\Gin@box@box=\box110
\Gin@box@width=\skip64
\Gin@box@height=\skip65
\Gin@box@raise=\skip66
\Gin@box@hspace=\skip67
\Gin@box@bwidth=\skip68
\Gin@box@bheight=\skip69
) (/usr/local/texlive/2024/texmf-dist/tex/latex/scalerel/scalerel.sty
Package: scalerel 2016/12/29 v1.8 Routines for constrained scaling and stretching of objects, relative to a reference object or in absolute terms
 (/usr/local/texlive/2024/texmf-dist/tex/latex/etoolbox/etoolbox.sty
Package: etoolbox 2020/10/05 v2.5k e-TeX tools for LaTeX (JAW)
\etb@tempcnta=\count314
)
\thesrwidth=\skip70
\thesrheight=\skip71
\srblobheight=\skip72
\srblobdepth=\skip73
\mnxsrwidth=\skip74
\LMex=\skip75
\LMpt=\skip76
) (/usr/local/texlive/2024/texmf-dist/tex/latex/anyfontsize/anyfontsize.sty
Package: anyfontsize 2007/11/22 anyfontsize.sty by pts
) (/usr/local/texlive/2024/texmf-dist/tex/latex/xcolor/xcolor.sty
Package: xcolor 2023/11/15 v3.01 LaTeX color extensions (UK)
 (/usr/local/texlive/2024/texmf-dist/tex/latex/graphics-cfg/color.cfg
File: color.cfg 2016/01/02 v1.6 sample color configuration
)
Package xcolor Info: Driver file: pdftex.def on input line 274.
 (/usr/local/texlive/2024/texmf-dist/tex/latex/graphics/mathcolor.ltx)
Package xcolor Info: Model `cmy' substituted by `cmy0' on input line 1350.
Package xcolor Info: Model `hsb' substituted by `rgb' on input line 1354.
Package xcolor Info: Model `RGB' extended on input line 1366.
Package xcolor Info: Model `HTML' substituted by `rgb' on input line 1368.
Package xcolor Info: Model `Hsb' substituted by `hsb' on input line 1369.
Package xcolor Info: Model `tHsb' substituted by `hsb' on input line 1370.
Package xcolor Info: Model `HSB' substituted by `hsb' on input line 1371.
Package xcolor Info: Model `Gray' substituted by `gray' on input line 1372.
Package xcolor Info: Model `wave' substituted by `hsb' on input line 1373.
) (/usr/local/texlive/2024/texmf-dist/tex/latex/colortbl/colortbl.sty
Package: colortbl 2024/02/20 v1.0g Color table columns (DPC)
\everycr=\toks33
\minrowclearance=\skip77
\rownum=\count315
) (/usr/local/texlive/2024/texmf-dist/tex/latex/tcolorbox/tcolorbox.sty
Package: tcolorbox 2024/01/10 version 6.2.0 text color boxes
 (/usr/local/texlive/2024/texmf-dist/tex/latex/pgf/basiclayer/pgf.sty (/usr/local/texlive/2024/texmf-dist/tex/latex/pgf/utilities/pgfrcs.sty (/usr/local/texlive/2024/texmf-dist/tex/generic/pgf/utilities/pgfutil-common.tex
\pgfutil@everybye=\toks34
\pgfutil@tempdima=\dimen279
\pgfutil@tempdimb=\dimen280
) (/usr/local/texlive/2024/texmf-dist/tex/generic/pgf/utilities/pgfutil-latex.def
\pgfutil@abb=\box111
) (/usr/local/texlive/2024/texmf-dist/tex/generic/pgf/utilities/pgfrcs.code.tex (/usr/local/texlive/2024/texmf-dist/tex/generic/pgf/pgf.revision.tex)
Package: pgfrcs 2023-01-15 v3.1.10 (3.1.10)
))
Package: pgf 2023-01-15 v3.1.10 (3.1.10)
 (/usr/local/texlive/2024/texmf-dist/tex/latex/pgf/basiclayer/pgfcore.sty (/usr/local/texlive/2024/texmf-dist/tex/latex/pgf/systemlayer/pgfsys.sty (/usr/local/texlive/2024/texmf-dist/tex/generic/pgf/systemlayer/pgfsys.code.tex
Package: pgfsys 2023-01-15 v3.1.10 (3.1.10)
 (/usr/local/texlive/2024/texmf-dist/tex/generic/pgf/utilities/pgfkeys.code.tex
\pgfkeys@pathtoks=\toks35
\pgfkeys@temptoks=\toks36
 (/usr/local/texlive/2024/texmf-dist/tex/generic/pgf/utilities/pgfkeyslibraryfiltered.code.tex
\pgfkeys@tmptoks=\toks37
))
\pgf@x=\dimen281
\pgf@y=\dimen282
\pgf@xa=\dimen283
\pgf@ya=\dimen284
\pgf@xb=\dimen285
\pgf@yb=\dimen286
\pgf@xc=\dimen287
\pgf@yc=\dimen288
\pgf@xd=\dimen289
\pgf@yd=\dimen290
\w@pgf@writea=\write3
\r@pgf@reada=\read3
\c@pgf@counta=\count316
\c@pgf@countb=\count317
\c@pgf@countc=\count318
\c@pgf@countd=\count319
\t@pgf@toka=\toks38
\t@pgf@tokb=\toks39
\t@pgf@tokc=\toks40
\pgf@sys@id@count=\count320
 (/usr/local/texlive/2024/texmf-dist/tex/generic/pgf/systemlayer/pgf.cfg
File: pgf.cfg 2023-01-15 v3.1.10 (3.1.10)
)
Driver file for pgf: pgfsys-pdftex.def
 (/usr/local/texlive/2024/texmf-dist/tex/generic/pgf/systemlayer/pgfsys-pdftex.def
File: pgfsys-pdftex.def 2023-01-15 v3.1.10 (3.1.10)
 (/usr/local/texlive/2024/texmf-dist/tex/generic/pgf/systemlayer/pgfsys-common-pdf.def
File: pgfsys-common-pdf.def 2023-01-15 v3.1.10 (3.1.10)
))) (/usr/local/texlive/2024/texmf-dist/tex/generic/pgf/systemlayer/pgfsyssoftpath.code.tex
File: pgfsyssoftpath.code.tex 2023-01-15 v3.1.10 (3.1.10)
\pgfsyssoftpath@smallbuffer@items=\count321
\pgfsyssoftpath@bigbuffer@items=\count322
) (/usr/local/texlive/2024/texmf-dist/tex/generic/pgf/systemlayer/pgfsysprotocol.code.tex
File: pgfsysprotocol.code.tex 2023-01-15 v3.1.10 (3.1.10)
)) (/usr/local/texlive/2024/texmf-dist/tex/generic/pgf/basiclayer/pgfcore.code.tex
Package: pgfcore 2023-01-15 v3.1.10 (3.1.10)
 (/usr/local/texlive/2024/texmf-dist/tex/generic/pgf/math/pgfmath.code.tex (/usr/local/texlive/2024/texmf-dist/tex/generic/pgf/math/pgfmathutil.code.tex) (/usr/local/texlive/2024/texmf-dist/tex/generic/pgf/math/pgfmathparser.code.tex
\pgfmath@dimen=\dimen291
\pgfmath@count=\count323
\pgfmath@box=\box112
\pgfmath@toks=\toks41
\pgfmath@stack@operand=\toks42
\pgfmath@stack@operation=\toks43
) (/usr/local/texlive/2024/texmf-dist/tex/generic/pgf/math/pgfmathfunctions.code.tex) (/usr/local/texlive/2024/texmf-dist/tex/generic/pgf/math/pgfmathfunctions.basic.code.tex) (/usr/local/texlive/2024/texmf-dist/tex/generic/pgf/math/pgfmathfunctions.trigonometric.code.tex) (/usr/local/texlive/2024/texmf-dist/tex/generic/pgf/math/pgfmathfunctions.random.code.tex) (/usr/local/texlive/2024/texmf-dist/tex/generic/pgf/math/pgfmathfunctions.comparison.code.tex) (/usr/local/texlive/2024/texmf-dist/tex/generic/pgf/math/pgfmathfunctions.base.code.tex) (/usr/local/texlive/2024/texmf-dist/tex/generic/pgf/math/pgfmathfunctions.round.code.tex) (/usr/local/texlive/2024/texmf-dist/tex/generic/pgf/math/pgfmathfunctions.misc.code.tex) (/usr/local/texlive/2024/texmf-dist/tex/generic/pgf/math/pgfmathfunctions.integerarithmetics.code.tex) (/usr/local/texlive/2024/texmf-dist/tex/generic/pgf/math/pgfmathcalc.code.tex) (/usr/local/texlive/2024/texmf-dist/tex/generic/pgf/math/pgfmathfloat.code.tex
\c@pgfmathroundto@lastzeros=\count324
)) (/usr/local/texlive/2024/texmf-dist/tex/generic/pgf/math/pgfint.code.tex) (/usr/local/texlive/2024/texmf-dist/tex/generic/pgf/basiclayer/pgfcorepoints.code.tex
File: pgfcorepoints.code.tex 2023-01-15 v3.1.10 (3.1.10)
\pgf@picminx=\dimen292
\pgf@picmaxx=\dimen293
\pgf@picminy=\dimen294
\pgf@picmaxy=\dimen295
\pgf@pathminx=\dimen296
\pgf@pathmaxx=\dimen297
\pgf@pathminy=\dimen298
\pgf@pathmaxy=\dimen299
\pgf@xx=\dimen300
\pgf@xy=\dimen301
\pgf@yx=\dimen302
\pgf@yy=\dimen303
\pgf@zx=\dimen304
\pgf@zy=\dimen305
) (/usr/local/texlive/2024/texmf-dist/tex/generic/pgf/basiclayer/pgfcorepathconstruct.code.tex
File: pgfcorepathconstruct.code.tex 2023-01-15 v3.1.10 (3.1.10)
\pgf@path@lastx=\dimen306
\pgf@path@lasty=\dimen307
) (/usr/local/texlive/2024/texmf-dist/tex/generic/pgf/basiclayer/pgfcorepathusage.code.tex
File: pgfcorepathusage.code.tex 2023-01-15 v3.1.10 (3.1.10)
\pgf@shorten@end@additional=\dimen308
\pgf@shorten@start@additional=\dimen309
) (/usr/local/texlive/2024/texmf-dist/tex/generic/pgf/basiclayer/pgfcorescopes.code.tex
File: pgfcorescopes.code.tex 2023-01-15 v3.1.10 (3.1.10)
\pgfpic=\box113
\pgf@hbox=\box114
\pgf@layerbox@main=\box115
\pgf@picture@serial@count=\count325
) (/usr/local/texlive/2024/texmf-dist/tex/generic/pgf/basiclayer/pgfcoregraphicstate.code.tex
File: pgfcoregraphicstate.code.tex 2023-01-15 v3.1.10 (3.1.10)
\pgflinewidth=\dimen310
) (/usr/local/texlive/2024/texmf-dist/tex/generic/pgf/basiclayer/pgfcoretransformations.code.tex
File: pgfcoretransformations.code.tex 2023-01-15 v3.1.10 (3.1.10)
\pgf@pt@x=\dimen311
\pgf@pt@y=\dimen312
\pgf@pt@temp=\dimen313
) (/usr/local/texlive/2024/texmf-dist/tex/generic/pgf/basiclayer/pgfcorequick.code.tex
File: pgfcorequick.code.tex 2023-01-15 v3.1.10 (3.1.10)
) (/usr/local/texlive/2024/texmf-dist/tex/generic/pgf/basiclayer/pgfcoreobjects.code.tex
File: pgfcoreobjects.code.tex 2023-01-15 v3.1.10 (3.1.10)
) (/usr/local/texlive/2024/texmf-dist/tex/generic/pgf/basiclayer/pgfcorepathprocessing.code.tex
File: pgfcorepathprocessing.code.tex 2023-01-15 v3.1.10 (3.1.10)
) (/usr/local/texlive/2024/texmf-dist/tex/generic/pgf/basiclayer/pgfcorearrows.code.tex
File: pgfcorearrows.code.tex 2023-01-15 v3.1.10 (3.1.10)
\pgfarrowsep=\dimen314
) (/usr/local/texlive/2024/texmf-dist/tex/generic/pgf/basiclayer/pgfcoreshade.code.tex
File: pgfcoreshade.code.tex 2023-01-15 v3.1.10 (3.1.10)
\pgf@max=\dimen315
\pgf@sys@shading@range@num=\count326
\pgf@shadingcount=\count327
) (/usr/local/texlive/2024/texmf-dist/tex/generic/pgf/basiclayer/pgfcoreimage.code.tex
File: pgfcoreimage.code.tex 2023-01-15 v3.1.10 (3.1.10)
) (/usr/local/texlive/2024/texmf-dist/tex/generic/pgf/basiclayer/pgfcoreexternal.code.tex
File: pgfcoreexternal.code.tex 2023-01-15 v3.1.10 (3.1.10)
\pgfexternal@startupbox=\box116
) (/usr/local/texlive/2024/texmf-dist/tex/generic/pgf/basiclayer/pgfcorelayers.code.tex
File: pgfcorelayers.code.tex 2023-01-15 v3.1.10 (3.1.10)
) (/usr/local/texlive/2024/texmf-dist/tex/generic/pgf/basiclayer/pgfcoretransparency.code.tex
File: pgfcoretransparency.code.tex 2023-01-15 v3.1.10 (3.1.10)
) (/usr/local/texlive/2024/texmf-dist/tex/generic/pgf/basiclayer/pgfcorepatterns.code.tex
File: pgfcorepatterns.code.tex 2023-01-15 v3.1.10 (3.1.10)
) (/usr/local/texlive/2024/texmf-dist/tex/generic/pgf/basiclayer/pgfcorerdf.code.tex
File: pgfcorerdf.code.tex 2023-01-15 v3.1.10 (3.1.10)
))) (/usr/local/texlive/2024/texmf-dist/tex/generic/pgf/modules/pgfmoduleshapes.code.tex
File: pgfmoduleshapes.code.tex 2023-01-15 v3.1.10 (3.1.10)
\pgfnodeparttextbox=\box117
) (/usr/local/texlive/2024/texmf-dist/tex/generic/pgf/modules/pgfmoduleplot.code.tex
File: pgfmoduleplot.code.tex 2023-01-15 v3.1.10 (3.1.10)
) (/usr/local/texlive/2024/texmf-dist/tex/latex/pgf/compatibility/pgfcomp-version-0-65.sty
Package: pgfcomp-version-0-65 2023-01-15 v3.1.10 (3.1.10)
\pgf@nodesepstart=\dimen316
\pgf@nodesepend=\dimen317
) (/usr/local/texlive/2024/texmf-dist/tex/latex/pgf/compatibility/pgfcomp-version-1-18.sty
Package: pgfcomp-version-1-18 2023-01-15 v3.1.10 (3.1.10)
)) (/usr/local/texlive/2024/texmf-dist/tex/latex/tools/verbatim.sty
Package: verbatim 2023-11-06 v1.5v LaTeX2e package for verbatim enhancements
\every@verbatim=\toks44
\verbatim@line=\toks45
\verbatim@in@stream=\read4
) (/usr/local/texlive/2024/texmf-dist/tex/latex/environ/environ.sty
Package: environ 2014/05/04 v0.3 A new way to define environments
 (/usr/local/texlive/2024/texmf-dist/tex/latex/trimspaces/trimspaces.sty
Package: trimspaces 2009/09/17 v1.1 Trim spaces around a token list
))
\tcb@titlebox=\box118
\tcb@upperbox=\box119
\tcb@lowerbox=\box120
\tcb@phantombox=\box121
\c@tcbbreakpart=\count328
\c@tcblayer=\count329
\c@tcolorbox@number=\count330
\l__tcobox_tmpa_box=\box122
\l__tcobox_tmpa_dim=\dimen318
\tcb@temp=\box123
\tcb@temp=\box124
\tcb@temp=\box125
\tcb@temp=\box126
) (/usr/local/texlive/2024/texmf-dist/tex/latex/contour/contour.sty
Package: contour 2004/11/18 v2.14 Print contoured text (HH, MH)
\con@length=\skip78

Loading configuration file `contour.cfg'.
(/usr/local/texlive/2024/texmf-dist/tex/latex/contour/contour.cfg
File: contour.cfg 2004/11/18 v2.14 Print contoured text (HH, MH)
)
contour: Using driver file `pdftex.cnt'.
(/usr/local/texlive/2024/texmf-dist/tex/latex/contour/pdftex.cnt
File: pdftex.cnt 2004/11/18 v2.14 Print contoured text (HH, MH)
)) (/usr/local/texlive/2024/texmf-dist/tex/generic/ulem/ulem.sty
\UL@box=\box127
\UL@hyphenbox=\box128
\UL@skip=\skip79
\UL@hook=\toks46
\UL@height=\dimen319
\UL@pe=\count331
\UL@pixel=\dimen320
\ULC@box=\box129
Package: ulem 2019/11/18
\ULdepth=\dimen321
) (/usr/local/texlive/2024/texmf-dist/tex/latex/pgf/frontendlayer/tikz.sty (/usr/local/texlive/2024/texmf-dist/tex/latex/pgf/utilities/pgffor.sty (/usr/local/texlive/2024/texmf-dist/tex/latex/pgf/utilities/pgfkeys.sty (/usr/local/texlive/2024/texmf-dist/tex/generic/pgf/utilities/pgfkeys.code.tex)) (/usr/local/texlive/2024/texmf-dist/tex/latex/pgf/math/pgfmath.sty (/usr/local/texlive/2024/texmf-dist/tex/generic/pgf/math/pgfmath.code.tex)) (/usr/local/texlive/2024/texmf-dist/tex/generic/pgf/utilities/pgffor.code.tex
Package: pgffor 2023-01-15 v3.1.10 (3.1.10)
\pgffor@iter=\dimen322
\pgffor@skip=\dimen323
\pgffor@stack=\toks47
\pgffor@toks=\toks48
)) (/usr/local/texlive/2024/texmf-dist/tex/generic/pgf/frontendlayer/tikz/tikz.code.tex
Package: tikz 2023-01-15 v3.1.10 (3.1.10)
 (/usr/local/texlive/2024/texmf-dist/tex/generic/pgf/libraries/pgflibraryplothandlers.code.tex
File: pgflibraryplothandlers.code.tex 2023-01-15 v3.1.10 (3.1.10)
\pgf@plot@mark@count=\count332
\pgfplotmarksize=\dimen324
)
\tikz@lastx=\dimen325
\tikz@lasty=\dimen326
\tikz@lastxsaved=\dimen327
\tikz@lastysaved=\dimen328
\tikz@lastmovetox=\dimen329
\tikz@lastmovetoy=\dimen330
\tikzleveldistance=\dimen331
\tikzsiblingdistance=\dimen332
\tikz@figbox=\box130
\tikz@figbox@bg=\box131
\tikz@tempbox=\box132
\tikz@tempbox@bg=\box133
\tikztreelevel=\count333
\tikznumberofchildren=\count334
\tikznumberofcurrentchild=\count335
\tikz@fig@count=\count336
 (/usr/local/texlive/2024/texmf-dist/tex/generic/pgf/modules/pgfmodulematrix.code.tex
File: pgfmodulematrix.code.tex 2023-01-15 v3.1.10 (3.1.10)
\pgfmatrixcurrentrow=\count337
\pgfmatrixcurrentcolumn=\count338
\pgf@matrix@numberofcolumns=\count339
)
\tikz@expandcount=\count340
 (/usr/local/texlive/2024/texmf-dist/tex/generic/pgf/frontendlayer/tikz/libraries/tikzlibrarytopaths.code.tex
File: tikzlibrarytopaths.code.tex 2023-01-15 v3.1.10 (3.1.10)
))) (/usr/local/texlive/2024/texmf-dist/tex/latex/listings/listings.sty
\lst@mode=\count341
\lst@gtempboxa=\box134
\lst@token=\toks49
\lst@length=\count342
\lst@currlwidth=\dimen333
\lst@column=\count343
\lst@pos=\count344
\lst@lostspace=\dimen334
\lst@width=\dimen335
\lst@newlines=\count345
\lst@lineno=\count346
\lst@maxwidth=\dimen336
 (/usr/local/texlive/2024/texmf-dist/tex/latex/listings/lstpatch.sty
File: lstpatch.sty 2024/02/21 1.10 (Carsten Heinz)
) (/usr/local/texlive/2024/texmf-dist/tex/latex/listings/lstmisc.sty
File: lstmisc.sty 2024/02/21 1.10 (Carsten Heinz)
\c@lstnumber=\count347
\lst@skipnumbers=\count348
\lst@framebox=\box135
) (/usr/local/texlive/2024/texmf-dist/tex/latex/listings/listings.cfg
File: listings.cfg 2024/02/21 1.10 listings configuration
))
Package: listings 2024/02/21 1.10 (Carsten Heinz)
 (/usr/local/texlive/2024/texmf-dist/tex/latex/hyperref/hyperref.sty
Package: hyperref 2024-01-20 v7.01h Hypertext links for LaTeX
 (/usr/local/texlive/2024/texmf-dist/tex/latex/kvsetkeys/kvsetkeys.sty
Package: kvsetkeys 2022-10-05 v1.19 Key value parser (HO)
) (/usr/local/texlive/2024/texmf-dist/tex/generic/kvdefinekeys/kvdefinekeys.sty
Package: kvdefinekeys 2019-12-19 v1.6 Define keys (HO)
) (/usr/local/texlive/2024/texmf-dist/tex/generic/pdfescape/pdfescape.sty
Package: pdfescape 2019/12/09 v1.15 Implements pdfTeX's escape features (HO)
 (/usr/local/texlive/2024/texmf-dist/tex/generic/ltxcmds/ltxcmds.sty
Package: ltxcmds 2023-12-04 v1.26 LaTeX kernel commands for general use (HO)
) (/usr/local/texlive/2024/texmf-dist/tex/generic/pdftexcmds/pdftexcmds.sty
Package: pdftexcmds 2020-06-27 v0.33 Utility functions of pdfTeX for LuaTeX (HO)
 (/usr/local/texlive/2024/texmf-dist/tex/generic/infwarerr/infwarerr.sty
Package: infwarerr 2019/12/03 v1.5 Providing info/warning/error messages (HO)
)
Package pdftexcmds Info: \pdf@primitive is available.
Package pdftexcmds Info: \pdf@ifprimitive is available.
Package pdftexcmds Info: \pdfdraftmode found.
)) (/usr/local/texlive/2024/texmf-dist/tex/latex/hycolor/hycolor.sty
Package: hycolor 2020-01-27 v1.10 Color options for hyperref/bookmark (HO)
) (/usr/local/texlive/2024/texmf-dist/tex/latex/auxhook/auxhook.sty
Package: auxhook 2019-12-17 v1.6 Hooks for auxiliary files (HO)
) (/usr/local/texlive/2024/texmf-dist/tex/latex/hyperref/nameref.sty
Package: nameref 2023-11-26 v2.56 Cross-referencing by name of section
 (/usr/local/texlive/2024/texmf-dist/tex/latex/refcount/refcount.sty
Package: refcount 2019/12/15 v3.6 Data extraction from label references (HO)
) (/usr/local/texlive/2024/texmf-dist/tex/generic/gettitlestring/gettitlestring.sty
Package: gettitlestring 2019/12/15 v1.6 Cleanup title references (HO)
 (/usr/local/texlive/2024/texmf-dist/tex/latex/kvoptions/kvoptions.sty
Package: kvoptions 2022-06-15 v3.15 Key value format for package options (HO)
))
\c@section@level=\count349
)
\@linkdim=\dimen337
\Hy@linkcounter=\count350
\Hy@pagecounter=\count351
 (/usr/local/texlive/2024/texmf-dist/tex/latex/hyperref/pd1enc.def
File: pd1enc.def 2024-01-20 v7.01h Hyperref: PDFDocEncoding definition (HO)
Now handling font encoding PD1 ...
... no UTF-8 mapping file for font encoding PD1
) (/usr/local/texlive/2024/texmf-dist/tex/generic/intcalc/intcalc.sty
Package: intcalc 2019/12/15 v1.3 Expandable calculations with integers (HO)
)
\Hy@SavedSpaceFactor=\count352
 (/usr/local/texlive/2024/texmf-dist/tex/latex/hyperref/puenc.def
File: puenc.def 2024-01-20 v7.01h Hyperref: PDF Unicode definition (HO)
Now handling font encoding PU ...
... no UTF-8 mapping file for font encoding PU
)
Package hyperref Info: Hyper figures OFF on input line 4179.
Package hyperref Info: Link nesting OFF on input line 4184.
Package hyperref Info: Hyper index ON on input line 4187.
Package hyperref Info: Plain pages OFF on input line 4194.
Package hyperref Info: Backreferencing OFF on input line 4199.
Package hyperref Info: Implicit mode ON; LaTeX internals redefined.
Package hyperref Info: Bookmarks ON on input line 4446.
\c@Hy@tempcnt=\count353
 (/usr/local/texlive/2024/texmf-dist/tex/latex/url/url.sty
\Urlmuskip=\muskip17
Package: url 2013/09/16  ver 3.4  Verb mode for urls, etc.
)
LaTeX Info: Redefining \url on input line 4784.
\XeTeXLinkMargin=\dimen338
 (/usr/local/texlive/2024/texmf-dist/tex/generic/bitset/bitset.sty
Package: bitset 2019/12/09 v1.3 Handle bit-vector datatype (HO)
 (/usr/local/texlive/2024/texmf-dist/tex/generic/bigintcalc/bigintcalc.sty
Package: bigintcalc 2019/12/15 v1.5 Expandable calculations on big integers (HO)
))
\Fld@menulength=\count354
\Field@Width=\dimen339
\Fld@charsize=\dimen340
Package hyperref Info: Hyper figures OFF on input line 6063.
Package hyperref Info: Link nesting OFF on input line 6068.
Package hyperref Info: Hyper index ON on input line 6071.
Package hyperref Info: backreferencing OFF on input line 6078.
Package hyperref Info: Link coloring OFF on input line 6083.
Package hyperref Info: Link coloring with OCG OFF on input line 6088.
Package hyperref Info: PDF/A mode OFF on input line 6093.
 (/usr/local/texlive/2024/texmf-dist/tex/latex/base/atbegshi-ltx.sty
Package: atbegshi-ltx 2021/01/10 v1.0c Emulation of the original atbegshi
package with kernel methods
)
\Hy@abspage=\count355
\c@Item=\count356
\c@Hfootnote=\count357
)
Package hyperref Info: Driver (autodetected): hpdftex.
 (/usr/local/texlive/2024/texmf-dist/tex/latex/hyperref/hpdftex.def
File: hpdftex.def 2024-01-20 v7.01h Hyperref driver for pdfTeX
 (/usr/local/texlive/2024/texmf-dist/tex/latex/base/atveryend-ltx.sty
Package: atveryend-ltx 2020/08/19 v1.0a Emulation of the original atveryend package
with kernel methods
)
\Fld@listcount=\count358
\c@bookmark@seq@number=\count359
 (/usr/local/texlive/2024/texmf-dist/tex/latex/rerunfilecheck/rerunfilecheck.sty
Package: rerunfilecheck 2022-07-10 v1.10 Rerun checks for auxiliary files (HO)
 (/usr/local/texlive/2024/texmf-dist/tex/generic/uniquecounter/uniquecounter.sty
Package: uniquecounter 2019/12/15 v1.4 Provide unlimited unique counter (HO)
)
Package uniquecounter Info: New unique counter `rerunfilecheck' on input line 285.
)
\Hy@SectionHShift=\skip80
) (/usr/local/texlive/2024/texmf-dist/tex/latex/qrcode/qrcode.sty
Package: qrcode 2015/01/08 v1.51 QR code generation
\c@qr@i=\count360
\c@qr@j=\count361
\qr@a=\count362
\qr@b=\count363
\qr@c=\count364
\qr@for@depth=\count365
\qr@for@maxdepth=\count366
\qr@for@start=\count367
\qr@for@end=\count368
\qr@for@step=\count369
\qr@newforcount=\count370
\qr@newforcount=\count371
\qr@desiredheight=\skip81
\qr@modulesize=\skip82
\qr@minipagewidth=\skip83
\c@maski=\count372
\c@maskj=\count373
\c@totalones=\count374
\c@penaltyi=\count375
\c@penaltyii=\count376
\c@penaltyiii=\count377
\c@penaltyiv=\count378
\c@qr@hexchars=\count379
\qr@newforcount=\count380
\c@qr@divisionsremaining=\count381
) (/usr/local/texlive/2024/texmf-dist/tex/latex/draftwatermark/draftwatermark.sty
Package: draftwatermark 2024/03/04 3.3 Put a gray textual watermark on document pages
) (/usr/local/texlive/2024/texmf-dist/tex/latex/fancyhdr/fancyhdr.sty
Package: fancyhdr 2022/11/09 v4.1 Extensive control of page headers and footers
\f@nch@headwidth=\skip84
\f@nch@O@elh=\skip85
\f@nch@O@erh=\skip86
\f@nch@O@olh=\skip87
\f@nch@O@orh=\skip88
\f@nch@O@elf=\skip89
\f@nch@O@erf=\skip90
\f@nch@O@olf=\skip91
\f@nch@O@orf=\skip92
) (/usr/local/texlive/2024/texmf-dist/tex/latex/titlesec/titlesec.sty
Package: titlesec 2023/10/27 v2.16 Sectioning titles
\ttl@box=\box136
\beforetitleunit=\skip93
\aftertitleunit=\skip94
\ttl@plus=\dimen341
\ttl@minus=\dimen342
\ttl@toksa=\toks50
\titlewidth=\dimen343
\titlewidthlast=\dimen344
\titlewidthfirst=\dimen345
) (/usr/local/texlive/2024/texmf-dist/tex/latex/datetime2/datetime2.sty
Package: datetime2 2021/03/21 v1.5.7 (NLCT) date and time formats
 (/usr/local/texlive/2024/texmf-dist/tex/latex/tracklang/tracklang.sty
Package: tracklang 2022/12/13 v1.6.1 (NLCT) Track Languages
 (/usr/local/texlive/2024/texmf-dist/tex/generic/tracklang/tracklang.tex)) (/usr/local/texlive/2024/texmf-dist/tex/latex/datetime2-german/datetime2-german.ldf
File: datetime2-german.ldf 2019/12/13 v3.0
 (/usr/local/texlive/2024/texmf-dist/tex/latex/datetime2-german/datetime2-german-base.ldf
File: datetime2-german-base.ldf 2019/12/13 v3.0
 (/usr/local/texlive/2024/texmf-dist/tex/generic/iftex/ifxetex.sty
Package: ifxetex 2019/10/25 v0.7 ifxetex legacy package. Use iftex instead.
) (/usr/local/texlive/2024/texmf-dist/tex/generic/iftex/ifluatex.sty
Package: ifluatex 2019/10/25 v1.5 ifluatex legacy package. Use iftex instead.
) (/usr/local/texlive/2024/texmf-dist/tex/latex/datetime2-german/datetime2-german-base-ascii.ldf
File: datetime2-german-base-ascii.ldf 2019/12/13 v3.0
)))) (/usr/local/texlive/2024/texmf-dist/tex/generic/pgf/frontendlayer/tikz/libraries/tikzlibraryarrows.code.tex
File: tikzlibraryarrows.code.tex 2023-01-15 v3.1.10 (3.1.10)
 (/usr/local/texlive/2024/texmf-dist/tex/generic/pgf/libraries/pgflibraryarrows.code.tex
File: pgflibraryarrows.code.tex 2023-01-15 v3.1.10 (3.1.10)
\arrowsize=\dimen346
)) (/usr/local/texlive/2024/texmf-dist/tex/generic/pgf/libraries/pgflibraryarrows.meta.code.tex
File: pgflibraryarrows.meta.code.tex 2023-01-15 v3.1.10 (3.1.10)
\pgfarrowinset=\dimen347
\pgfarrowlength=\dimen348
\pgfarrowwidth=\dimen349
\pgfarrowlinewidth=\dimen350
) (/usr/local/texlive/2024/texmf-dist/tex/generic/pgf/frontendlayer/tikz/libraries/tikzlibrarybending.code.tex
File: tikzlibrarybending.code.tex 2023-01-15 v3.1.10 (3.1.10)
 (/usr/local/texlive/2024/texmf-dist/tex/generic/pgf/modules/pgfmodulebending.code.tex
File: pgfmodulebending.code.tex 2023-01-15 v3.1.10 (3.1.10)
 (/usr/local/texlive/2024/texmf-dist/tex/generic/pgf/modules/pgfmodulenonlineartransformations.code.tex
File: pgfmodulenonlineartransformations.code.tex 2023-01-15 v3.1.10 (3.1.10)
\pgftransformnonlinearflatness=\dimen351
) (/usr/local/texlive/2024/texmf-dist/tex/generic/pgf/libraries/pgflibrarycurvilinear.code.tex
File: pgflibrarycurvilinear.code.tex 2023-01-15 v3.1.10 (3.1.10)
\pgf@curvilinear@time@a=\dimen352
\pgf@curvilinear@length@a=\dimen353
\pgf@curvilinear@length@b=\dimen354
\pgf@curvilinear@length@c=\dimen355
\pgf@curvilinear@length@d=\dimen356
)
\pgf@arrows@the@rigidity=\dimen357
)) (/usr/local/texlive/2024/texmf-dist/tex/generic/pgf/frontendlayer/tikz/libraries/tikzlibrarydecorations.pathreplacing.code.tex (/usr/local/texlive/2024/texmf-dist/tex/generic/pgf/frontendlayer/tikz/libraries/tikzlibrarydecorations.code.tex (/usr/local/texlive/2024/texmf-dist/tex/generic/pgf/modules/pgfmoduledecorations.code.tex
\pgfdecoratedcompleteddistance=\dimen358
\pgfdecoratedremainingdistance=\dimen359
\pgfdecoratedinputsegmentcompleteddistance=\dimen360
\pgfdecoratedinputsegmentremainingdistance=\dimen361
\pgf@decorate@distancetomove=\dimen362
\pgf@decorate@repeatstate=\count382
\pgfdecorationsegmentamplitude=\dimen363
\pgfdecorationsegmentlength=\dimen364
)
\tikz@lib@dec@box=\box137
) (/usr/local/texlive/2024/texmf-dist/tex/generic/pgf/libraries/decorations/pgflibrarydecorations.pathreplacing.code.tex)) (/usr/local/texlive/2024/texmf-dist/tex/generic/pgf/frontendlayer/tikz/libraries/tikzlibraryangles.code.tex
File: tikzlibraryangles.code.tex 2023-01-15 v3.1.10 (3.1.10)
) (/usr/local/texlive/2024/texmf-dist/tex/latex/tikzmark/tikzlibrarytikzmark.code.tex
File: tikzlibrarytikzmark.code.tex 2022/08/24 v1.15 TikZ library for marking positions in a document
 (/usr/local/texlive/2024/texmf-dist/tex/latex/l3kernel/expl3.sty
Package: expl3 2024-02-20 L3 programming layer (loader) 
 (/usr/local/texlive/2024/texmf-dist/tex/latex/l3backend/l3backend-pdftex.def
File: l3backend-pdftex.def 2024-02-20 L3 backend support: PDF output (pdfTeX)
\l__color_backend_stack_int=\count383
\l__pdf_internal_box=\box138
)) (/usr/local/texlive/2024/texmf-dist/tex/latex/l3packages/l3keys2e/l3keys2e.sty
Package: l3keys2e 2024-02-18 LaTeX2e option processing using LaTeX3 keys
) (/usr/local/texlive/2024/texmf-dist/tex/latex/l3packages/xparse/xparse.sty
Package: xparse 2024-02-18 L3 Experimental document command parser
)
\l__sn_x_dim=\dimen365
\l__sn_y_dim=\dimen366
\l__sn_xa_dim=\dimen367
\l__sn_ya_dim=\dimen368
) (/usr/local/texlive/2024/texmf-dist/tex/generic/pgf/frontendlayer/tikz/libraries/tikzlibrarypetri.code.tex
File: tikzlibrarypetri.code.tex 2023-01-15 v3.1.10 (3.1.10)
) (/usr/local/texlive/2024/texmf-dist/tex/generic/pgf/frontendlayer/tikz/libraries/tikzlibrarypositioning.code.tex
File: tikzlibrarypositioning.code.tex 2023-01-15 v3.1.10 (3.1.10)
) (/usr/local/texlive/2024/texmf-dist/tex/generic/pgf/frontendlayer/tikz/libraries/tikzlibraryshapes.code.tex
File: tikzlibraryshapes.code.tex 2023-01-15 v3.1.10 (3.1.10)
 (/usr/local/texlive/2024/texmf-dist/tex/generic/pgf/frontendlayer/tikz/libraries/tikzlibraryshapes.geometric.code.tex
File: tikzlibraryshapes.geometric.code.tex 2023-01-15 v3.1.10 (3.1.10)
 (/usr/local/texlive/2024/texmf-dist/tex/generic/pgf/libraries/shapes/pgflibraryshapes.geometric.code.tex
File: pgflibraryshapes.geometric.code.tex 2023-01-15 v3.1.10 (3.1.10)
)) (/usr/local/texlive/2024/texmf-dist/tex/generic/pgf/frontendlayer/tikz/libraries/tikzlibraryshapes.misc.code.tex
File: tikzlibraryshapes.misc.code.tex 2023-01-15 v3.1.10 (3.1.10)
 (/usr/local/texlive/2024/texmf-dist/tex/generic/pgf/libraries/shapes/pgflibraryshapes.misc.code.tex
File: pgflibraryshapes.misc.code.tex 2023-01-15 v3.1.10 (3.1.10)
)) (/usr/local/texlive/2024/texmf-dist/tex/generic/pgf/frontendlayer/tikz/libraries/tikzlibraryshapes.symbols.code.tex
File: tikzlibraryshapes.symbols.code.tex 2023-01-15 v3.1.10 (3.1.10)
 (/usr/local/texlive/2024/texmf-dist/tex/generic/pgf/libraries/shapes/pgflibraryshapes.symbols.code.tex
File: pgflibraryshapes.symbols.code.tex 2023-01-15 v3.1.10 (3.1.10)
)) (/usr/local/texlive/2024/texmf-dist/tex/generic/pgf/frontendlayer/tikz/libraries/tikzlibraryshapes.arrows.code.tex
File: tikzlibraryshapes.arrows.code.tex 2023-01-15 v3.1.10 (3.1.10)
 (/usr/local/texlive/2024/texmf-dist/tex/generic/pgf/libraries/shapes/pgflibraryshapes.arrows.code.tex
File: pgflibraryshapes.arrows.code.tex 2023-01-15 v3.1.10 (3.1.10)
)) (/usr/local/texlive/2024/texmf-dist/tex/generic/pgf/frontendlayer/tikz/libraries/tikzlibraryshapes.callouts.code.tex (/usr/local/texlive/2024/texmf-dist/tex/generic/pgf/libraries/shapes/pgflibraryshapes.callouts.code.tex)) (/usr/local/texlive/2024/texmf-dist/tex/generic/pgf/frontendlayer/tikz/libraries/tikzlibraryshapes.multipart.code.tex
File: tikzlibraryshapes.multipart.code.tex 2023-01-15 v3.1.10 (3.1.10)
 (/usr/local/texlive/2024/texmf-dist/tex/generic/pgf/libraries/shapes/pgflibraryshapes.multipart.code.tex
File: pgflibraryshapes.multipart.code.tex 2023-01-15 v3.1.10 (3.1.10)
\pgfnodepartlowerbox=\box139
\pgfnodeparttwobox=\box140
\pgfnodepartthreebox=\box141
\pgfnodepartfourbox=\box142
\pgfnodeparttwentybox=\box143
\pgfnodepartnineteenbox=\box144
\pgfnodeparteighteenbox=\box145
\pgfnodepartseventeenbox=\box146
\pgfnodepartsixteenbox=\box147
\pgfnodepartfifteenbox=\box148
\pgfnodepartfourteenbox=\box149
\pgfnodepartthirteenbox=\box150
\pgfnodeparttwelvebox=\box151
\pgfnodepartelevenbox=\box152
\pgfnodeparttenbox=\box153
\pgfnodepartninebox=\box154
\pgfnodeparteightbox=\box155
\pgfnodepartsevenbox=\box156
\pgfnodepartsixbox=\box157
\pgfnodepartfivebox=\box158
))) (/usr/local/texlive/2024/texmf-dist/tex/generic/pgf/frontendlayer/tikz/libraries/tikzlibrarycalc.code.tex
File: tikzlibrarycalc.code.tex 2023-01-15 v3.1.10 (3.1.10)
)
\c@ttlp@side=\count384
\ttlp@side=\count385
\c@page@count=\count386
 (/usr/local/texlive/2024/texmf-dist/tex/latex/listings/lstlang1.sty
File: lstlang1.sty 2024/02/21 1.10 listings language file
))
LaTeX Font Info:    Trying to load font information for T1+txr on input line 33.
 (/usr/local/texlive/2024/texmf-dist/tex/latex/txfonts/t1txr.fd
File: t1txr.fd 2000/12/15 v3.1
) (./regelungstechnik_4.aux <Reading QR code for "https://gitlab.com/sstitz/regelungstechnik-4" at level 3-L from aux file.>
(./sections/100_anhang_regt2_tabellen.aux))
\openout1 = `regelungstechnik_4.aux'.

LaTeX Font Info:    Checking defaults for OML/txmi/m/it on input line 33.
LaTeX Font Info:    Trying to load font information for OML+txmi on input line 33.
 (/usr/local/texlive/2024/texmf-dist/tex/latex/txfonts/omltxmi.fd
File: omltxmi.fd 2000/12/15 v3.1
)
LaTeX Font Info:    ... okay on input line 33.
LaTeX Font Info:    Checking defaults for OMS/txsy/m/n on input line 33.
LaTeX Font Info:    Trying to load font information for OMS+txsy on input line 33.
 (/usr/local/texlive/2024/texmf-dist/tex/latex/txfonts/omstxsy.fd
File: omstxsy.fd 2000/12/15 v3.1
)
LaTeX Font Info:    ... okay on input line 33.
LaTeX Font Info:    Checking defaults for OT1/cmr/m/n on input line 33.
LaTeX Font Info:    ... okay on input line 33.
LaTeX Font Info:    Checking defaults for T1/cmr/m/n on input line 33.
LaTeX Font Info:    ... okay on input line 33.
LaTeX Font Info:    Checking defaults for TS1/cmr/m/n on input line 33.
LaTeX Font Info:    ... okay on input line 33.
LaTeX Font Info:    Checking defaults for OMX/txex/m/n on input line 33.
LaTeX Font Info:    Trying to load font information for OMX+txex on input line 33.
 (/usr/local/texlive/2024/texmf-dist/tex/latex/txfonts/omxtxex.fd
File: omxtxex.fd 2000/12/15 v3.1
)
LaTeX Font Info:    ... okay on input line 33.
LaTeX Font Info:    Checking defaults for U/txexa/m/n on input line 33.
LaTeX Font Info:    Trying to load font information for U+txexa on input line 33.
 (/usr/local/texlive/2024/texmf-dist/tex/latex/txfonts/utxexa.fd
File: utxexa.fd 2000/12/15 v3.1
)
LaTeX Font Info:    ... okay on input line 33.
LaTeX Font Info:    Checking defaults for PD1/pdf/m/n on input line 33.
LaTeX Font Info:    ... okay on input line 33.
LaTeX Font Info:    Checking defaults for PU/pdf/m/n on input line 33.
LaTeX Font Info:    ... okay on input line 33.
 (/usr/local/texlive/2024/texmf-dist/tex/latex/upquote/upquote.sty
Package: upquote 2012/04/19 v1.3 upright-quote and grave-accent glyphs in verbatim
)
*geometry* driver: auto-detecting
*geometry* detected driver: pdftex
*geometry* verbose mode - [ preamble ] result:
* driver: pdftex
* paper: a4paper
* layout: <same size as paper>
* layoutoffset:(h,v)=(0.0pt,0.0pt)
* modes: twoside 
* h-part:(L,W,R)=(8.53581pt, 580.43625pt, 8.53581pt)
* v-part:(T,H,B)=(8.53581pt, 819.43939pt, 17.07164pt)
* \paperwidth=597.50787pt
* \paperheight=845.04684pt
* \textwidth=580.43625pt
* \textheight=819.43939pt
* \oddsidemargin=-63.73418pt
* \evensidemargin=-63.73418pt
* \topmargin=-63.73418pt
* \headheight=0.0pt
* \headsep=0.0pt
* \topskip=9.0pt
* \footskip=11.38109pt
* \marginparwidth=121.0pt
* \marginparsep=10.0pt
* \columnsep=4.2679pt
* \skip\footins=7.0pt plus 4.0pt minus 2.0pt
* \hoffset=0.0pt
* \voffset=0.0pt
* \mag=1000
* \@twocolumnfalse
* \@twosidetrue
* \@mparswitchtrue
* \@reversemarginfalse
* (1in=72.27pt=25.4mm, 1cm=28.453pt)

Option `squaren' provided! 
 Command \squaren defined by SIunits package!

(/usr/local/texlive/2024/texmf-dist/tex/context/base/mkii/supp-pdf.mkii
[Loading MPS to PDF converter (version 2006.09.02).]
\scratchcounter=\count387
\scratchdimen=\dimen369
\scratchbox=\box159
\nofMPsegments=\count388
\nofMParguments=\count389
\everyMPshowfont=\toks51
\MPscratchCnt=\count390
\MPscratchDim=\dimen370
\MPnumerator=\count391
\makeMPintoPDFobject=\count392
\everyMPtoPDFconversion=\toks52
) (/usr/local/texlive/2024/texmf-dist/tex/latex/epstopdf-pkg/epstopdf-base.sty
Package: epstopdf-base 2020-01-24 v2.11 Base part for package epstopdf
Package epstopdf-base Info: Redefining graphics rule for `.eps' on input line 485.
 (/usr/local/texlive/2024/texmf-dist/tex/latex/latexconfig/epstopdf-sys.cfg
File: epstopdf-sys.cfg 2010/07/13 v1.3 Configuration of (r)epstopdf for TeX Live
))
\c@lstlisting=\count393
Package hyperref Info: Link coloring OFF on input line 33.
 (./regelungstechnik_4.out) (./regelungstechnik_4.out)
\@outlinefile=\write4
\openout4 = `regelungstechnik_4.out'.

 

<QR code requested for "https://gitlab.com/sstitz/regelungstechnik-4" in version 0-L.>
<Copying the QR code for "https://gitlab.com/sstitz/regelungstechnik-4" in version 3-L as previously calculated.>
LaTeX Font Info:    Trying to load font information for OT1+txr on input line 34.
(/usr/local/texlive/2024/texmf-dist/tex/latex/txfonts/ot1txr.fd
File: ot1txr.fd 2000/12/15 v3.1
)
LaTeX Font Info:    Trying to load font information for U+txsya on input line 34.
 (/usr/local/texlive/2024/texmf-dist/tex/latex/txfonts/utxsya.fd
File: utxsya.fd 2000/12/15 v3.1
)
LaTeX Font Info:    Trying to load font information for U+txsyb on input line 34.
 (/usr/local/texlive/2024/texmf-dist/tex/latex/txfonts/utxsyb.fd
File: utxsyb.fd 2000/12/15 v3.1
)
LaTeX Font Info:    Trying to load font information for U+txmia on input line 34.
 (/usr/local/texlive/2024/texmf-dist/tex/latex/txfonts/utxmia.fd
File: utxmia.fd 2000/12/15 v3.1
)
LaTeX Font Info:    Trying to load font information for U+txsyc on input line 34.
 (/usr/local/texlive/2024/texmf-dist/tex/latex/txfonts/utxsyc.fd
File: utxsyc.fd 2000/12/15 v3.1
)
LaTeX Font Info:    Trying to load font information for U+rsfs on input line 34.
 (/usr/local/texlive/2024/texmf-dist/tex/latex/jknapltx/ursfs.fd
File: ursfs.fd 1998/03/24 rsfs font definition file (jk)
)
LaTeX Font Info:    Font shape `T1/txr/b/n' in size <17.28> not available
(Font)              Font shape `T1/txr/bx/n' tried instead on input line 34.

contour: Using real outline for `\url {https://gitlab.com/sstitz/regelungstechnik-4}' on input line 34.
LaTeX Font Info:    Font shape `T1/txr/b/n' in size <10.95> not available
(Font)              Font shape `T1/txr/bx/n' tried instead on input line 34.
(./regelungstechnik_4.toc
LaTeX Font Info:    Font shape `T1/txr/b/n' in size <10> not available
(Font)              Font shape `T1/txr/bx/n' tried instead on input line 2.
LaTeX Font Info:    Font shape `T1/txr/b/n' in size <8> not available
(Font)              Font shape `T1/txr/bx/n' tried instead on input line 3.
)
\tf@toc=\write5
\openout5 = `regelungstechnik_4.toc'.

LaTeX Font Info:    Font shape `T1/txr/b/n' in size <14.4> not available
(Font)              Font shape `T1/txr/bx/n' tried instead on input line 35.
 (./sections/01_zustandsraumdarstellung.tex
LaTeX Font Info:    Font shape `T1/txr/b/n' in size <7> not available
(Font)              Font shape `T1/txr/bx/n' tried instead on input line 3.
<images/ZRD_blockdiagramm.pdf, id=502, 367.3725pt x 78.2925pt>
File: images/ZRD_blockdiagramm.pdf Graphic file (type pdf)
<use images/ZRD_blockdiagramm.pdf>
Package pdftex.def Info: images/ZRD_blockdiagramm.pdf  used on input line 16.
(pdftex.def)             Requested size: 216.06313pt x 46.0476pt.
LaTeX Font Info:    Trying to load font information for TS1+txr on input line 23.
 (/usr/local/texlive/2024/texmf-dist/tex/latex/txfonts/ts1txr.fd
File: ts1txr.fd 2000/12/15 v3.1
)
<images/ZRD_matrix_kompakt.png, id=503, 900.966pt x 258.36525pt>
File: images/ZRD_matrix_kompakt.png Graphic file (type png)
<use images/ZRD_matrix_kompakt.png>
Package pdftex.def Info: images/ZRD_matrix_kompakt.png  used on input line 27.
(pdftex.def)             Requested size: 100.8312pt x 28.91306pt.

contour: Using real outline for `1.1.1\ ' on input line 58.
contour: Using real outline for `ZRD für DGL der Ordnung $\bm {n}$' on input line 58.
[1

{/usr/local/texlive/2024/texmf-var/fonts/map/pdftex/updmap/pdftex.map}{/usr/local/texlive/2024/texmf-dist/fonts/enc/dvips/base/8r.enc} <./images/ZRD_blockdiagramm.pdf> <./images/ZRD_matrix_kompakt.png>]
contour: Using real outline for `1.4.1\ ' on input line 112.
contour: Using real outline for `Vorgehen -- Herleitung eines ZRD-Modells' on input line 112.
contour: Using real outline for `Beispiel: ZRD eines RLC-Systems {\relax \fontsize {7}{8}\selectfont \abovedisplayskip 5\p@ plus2\p@ minus2\p@ \abovedisplayshortskip \z@ plus1\p@ \belowdisplayshortskip 3\p@ plus\p@ minus2\p@ \def \leftmargin \leftmargini \parsep 4\p@ plus2\p@ minus\p@ \topsep 6\p@ plus2\p@ minus3\p@ \itemsep \parsep {\leftmargin \leftmargini \topsep 3\p@ plus\p@ minus\p@ \parsep 2\p@ plus\p@ minus\p@ \itemsep \parsep }\belowdisplayskip \abovedisplayskip (S. 155-156)}' on input line 124.
<images/ZRD_beispiel_schaltkreis.pdf, id=531, 184.69pt x 191.71625pt>
File: images/ZRD_beispiel_schaltkreis.pdf Graphic file (type pdf)
<use images/ZRD_beispiel_schaltkreis.pdf>
Package pdftex.def Info: images/ZRD_beispiel_schaltkreis.pdf  used on input line 127.
(pdftex.def)             Requested size: 86.42612pt x 89.71465pt.
contour: Using real outline for `Beispiel: Feder-Masse-System' on input line 174.
contour: Using real outline for `1.5.1\ ' on input line 231.
contour: Using real outline for `Linearisierte ZRD' on input line 231.
contour: Using real outline for `1.5.2\ ' on input line 277.
contour: Using real outline for `Vorgehen -- Linearisierung' on input line 277.
LaTeX Font Info:    Font shape `T1/txr/b/n' in size <9> not available
(Font)              Font shape `T1/txr/bx/n' tried instead on input line 284.


pdfTeX warning: pdflatex (file ./images/ZRD_regelungsnormalform.pdf): PDF inclusion: found PDF version <1.7>, but at most version <1.5> allowed
<images/ZRD_regelungsnormalform.pdf, id=534, 387.81107pt x 166.44862pt>
File: images/ZRD_regelungsnormalform.pdf Graphic file (type pdf)
<use images/ZRD_regelungsnormalform.pdf>
Package pdftex.def Info: images/ZRD_regelungsnormalform.pdf  used on input line 307.
(pdftex.def)             Requested size: 216.06313pt x 92.73564pt.
contour: Using real outline for `1.6.1\ ' on input line 357.
contour: Using real outline for `Eindeutigkeit' on input line 357.
contour: Using real outline for `1.7.1\ ' on input line 386.
contour: Using real outline for `UTF aus ZRD (Bildbereich)' on input line 386.
[2 <./images/ZRD_beispiel_schaltkreis.pdf> <./images/ZRD_regelungsnormalform.pdf>]
contour: Using real outline for `Beispiel: ZRD aus Blockdiagramm' on input line 430.
<images/ZRD_beispiel_blockdiagramm.pdf, id=602, 284.06125pt x 157.58875pt>
File: images/ZRD_beispiel_blockdiagramm.pdf Graphic file (type pdf)
<use images/ZRD_beispiel_blockdiagramm.pdf>
Package pdftex.def Info: images/ZRD_beispiel_blockdiagramm.pdf  used on input line 432.
(pdftex.def)             Requested size: 152.68425pt x 84.70709pt.
contour: Using real outline for `1.10.1\ ' on input line 471.
contour: Using real outline for `Serieschaltung' on input line 471.
<images/ZRD_serieschaltung.pdf, id=603, 388.45125pt x 54.2025pt>
File: images/ZRD_serieschaltung.pdf Graphic file (type pdf)
<use images/ZRD_serieschaltung.pdf>
Package pdftex.def Info: images/ZRD_serieschaltung.pdf  used on input line 472.
(pdftex.def)             Requested size: 149.805pt x 20.90317pt.
contour: Using real outline for `1.10.2\ ' on input line 494.
contour: Using real outline for `Parallelschaltung' on input line 494.
<images/ZRD_parallelschaltung.pdf, id=604, 277.035pt x 104.39pt>
File: images/ZRD_parallelschaltung.pdf Graphic file (type pdf)
<use images/ZRD_parallelschaltung.pdf>
Package pdftex.def Info: images/ZRD_parallelschaltung.pdf  used on input line 495.
(pdftex.def)             Requested size: 129.637pt x 48.84825pt.
contour: Using real outline for `1.10.3\ ' on input line 518.
contour: Using real outline for `Kreisschaltung' on input line 518.
<images/ZRD_kreisschaltung.pdf, id=605, 294.09875pt x 104.39pt>
File: images/ZRD_kreisschaltung.pdf Graphic file (type pdf)
<use images/ZRD_kreisschaltung.pdf>
Package pdftex.def Info: images/ZRD_kreisschaltung.pdf  used on input line 521.
(pdftex.def)             Requested size: 158.44716pt x 56.24072pt.
contour: Using real outline for `1.11.1\ ' on input line 594.
contour: Using real outline for `Eigenschaften der Ähnlichkeitstransformation' on input line 594.
contour: Using real outline for `Beispiel: Zustandsvariablen in ZRD tauschen' on input line 605.
) (./sections/02_ZRD_anwendungen.tex
contour: Using real outline for `2.1.1\ ' on input line 65.
contour: Using real outline for `Impulsantwort $\bm {g(t)}$' on input line 65.
[3 <./images/ZRD_beispiel_blockdiagramm.pdf> <./images/ZRD_serieschaltung.pdf

pdfTeX warning: pdflatex (file ./images/ZRD_serieschaltung.pdf): PDF inclusion: multiple pdfs with page group included in a single page
> <./images/ZRD_parallelschaltung.pdf

pdfTeX warning: pdflatex (file ./images/ZRD_parallelschaltung.pdf): PDF inclusion: multiple pdfs with page group included in a single page
> <./images/ZRD_kreisschaltung.pdf

pdfTeX warning: pdflatex (file ./images/ZRD_kreisschaltung.pdf): PDF inclusion: multiple pdfs with page group included in a single page
>]
<images/ZRD_diagonalform.pdf, id=651, 276.03125pt x 222.8325pt>
File: images/ZRD_diagonalform.pdf Graphic file (type pdf)
<use images/ZRD_diagonalform.pdf>
Package pdftex.def Info: images/ZRD_diagonalform.pdf  used on input line 145.
(pdftex.def)             Requested size: 144.04208pt x 116.28497pt.

contour: Using real outline for `2.4.1\ ' on input line 222.
contour: Using real outline for `Diagonalisierung mittels PBZ' on input line 222.
contour: Using real outline for `Beispiel: Diagonalisierung mittels PBZ' on input line 237.
contour: Using real outline for `2.4.2\ ' on input line 261.
contour: Using real outline for `Diagonalisierung mittels Eigenwerten / Eigenvektoren' on input line 261.
contour: Using real outline for `2.6.1\ ' on input line 314.
contour: Using real outline for `Steuerbarkeitsmatrix $\bm {Q_S}$' on input line 314.
contour: Using real outline for `2.6.2\ ' on input line 352.
contour: Using real outline for `Nicht-steuerbare Systeme' on input line 352.
contour: Using real outline for `Beispiel: Typische nicht-steuerbare Systeme' on input line 360.
<images/ZRD_nicht_steuerbare_systeme.pdf, id=654, 360.34625pt x 159.59625pt>
File: images/ZRD_nicht_steuerbare_systeme.pdf Graphic file (type pdf)
<use images/ZRD_nicht_steuerbare_systeme.pdf>
Package pdftex.def Info: images/ZRD_nicht_steuerbare_systeme.pdf  used on input line 362.
(pdftex.def)             Requested size: 230.4682pt x 102.07304pt.
contour: Using real outline for `2.6.3\ ' on input line 367.
contour: Using real outline for `Regelungsnormalform mittels Ähnlichkeitstransformation' on input line 367.
contour: Using real outline for `2.7.1\ ' on input line 423.
contour: Using real outline for `Beobachtbarkeitsmatrix $\bm {Q_B}$' on input line 423.
contour: Using real outline for `2.7.2\ ' on input line 457.
contour: Using real outline for `Nicht-beobachtbare Systeme' on input line 457.
contour: Using real outline for `Beispiel: Typische nicht-beobachtbare Systeme' on input line 465.
<images/ZRD_nicht_beobachtbare_systeme.pdf, id=658, 349.305pt x 152.57pt>
File: images/ZRD_nicht_beobachtbare_systeme.pdf Graphic file (type pdf)
<use images/ZRD_nicht_beobachtbare_systeme.pdf>
Package pdftex.def Info: images/ZRD_nicht_beobachtbare_systeme.pdf  used on input line 467.
(pdftex.def)             Requested size: 230.4682pt x 100.66624pt.
[4 <./images/ZRD_diagonalform.pdf> <./images/ZRD_nicht_steuerbare_systeme.pdf

pdfTeX warning: pdflatex (file ./images/ZRD_nicht_steuerbare_systeme.pdf): PDF inclusion: multiple pdfs with page group included in a single page
>]
contour: Using real outline for `2.8.1\ ' on input line 503.
contour: Using real outline for `Einfluss von Nichtminimalität' on input line 503.
contour: Using real outline for `2.9.1\ ' on input line 525.
contour: Using real outline for `Regelungsnormalform {\relax \fontsize {7}{8}\selectfont \abovedisplayskip 5\p@ plus2\p@ minus2\p@ \abovedisplayshortskip \z@ plus1\p@ \belowdisplayshortskip 3\p@ plus\p@ minus2\p@ \def \leftmargin \leftmargini \parsep 4\p@ plus2\p@ minus\p@ \topsep 6\p@ plus2\p@ minus3\p@ \itemsep \parsep {\leftmargin \leftmargini \topsep 3\p@ plus\p@ minus\p@ \parsep 2\p@ plus\p@ minus\p@ \itemsep \parsep }\belowdisplayskip \abovedisplayskip (S. 188)}' on input line 525.
contour: Using real outline for `2.9.2\ ' on input line 556.
contour: Using real outline for `Beobachtungsnormalform' on input line 556.
) (./sections/03_zustandsrueckfuehrungen.tex
<images/ZRD_zustandsrueckfuehrung.pdf, id=697, 176.66pt x 77.28876pt>
File: images/ZRD_zustandsrueckfuehrung.pdf Graphic file (type pdf)
<use images/ZRD_zustandsrueckfuehrung.pdf>
Package pdftex.def Info: images/ZRD_zustandsrueckfuehrung.pdf  used on input line 23.
(pdftex.def)             Requested size: 138.27916pt x 60.49725pt.

contour: Using real outline for `3.0.1\ ' on input line 79.
contour: Using real outline for `LQR-Regler' on input line 79.

LaTeX Warning: Command \" invalid in math mode on input line 91.

Missing character: There is no � in font txr!
LaTeX Font Info:    Trying to load font information for T1+txtt on input line 107.
(/usr/local/texlive/2024/texmf-dist/tex/latex/txfonts/t1txtt.fd
File: t1txtt.fd 2000/12/15 v3.1
)
contour: Using real outline for `3.2.1\ ' on input line 154.
contour: Using real outline for `Lage der Pole' on input line 154.
<images/ZRD_polplatzierung.pdf, id=701, 139.52126pt x 155.58125pt>
File: images/ZRD_polplatzierung.pdf Graphic file (type pdf)
<use images/ZRD_polplatzierung.pdf>
Package pdftex.def Info: images/ZRD_polplatzierung.pdf  used on input line 156.
(pdftex.def)             Requested size: 100.8312pt x 112.44096pt.
[5 <./images/ZRD_nicht_beobachtbare_systeme.pdf> <./images/ZRD_zustandsrueckfuehrung.pdf

pdfTeX warning: pdflatex (file ./images/ZRD_zustandsrueckfuehrung.pdf): PDF inclusion: multiple pdfs with page group included in a single page
>]
contour: Using real outline for `3.2.2\ ' on input line 176.
contour: Using real outline for `Vorgabe der Pollagen' on input line 176.
contour: Using real outline for `Beispiel: Struktur eines Regelkreises mit Zustandsrückführung' on input line 199.
<images/ZRD_zustandsrueckfuehrung_beispiel.pdf, id=725, 309.07468pt x 117.3183pt>
File: images/ZRD_zustandsrueckfuehrung_beispiel.pdf Graphic file (type pdf)
<use images/ZRD_zustandsrueckfuehrung_beispiel.pdf>
Package pdftex.def Info: images/ZRD_zustandsrueckfuehrung_beispiel.pdf  used on input line 201.
(pdftex.def)             Requested size: 201.65804pt x 76.54778pt.
contour: Using real outline for `3.3.1\ ' on input line 228.
contour: Using real outline for `Zielfunktion $\bm {J(K)}$' on input line 228.
contour: Using real outline for `3.3.2\ ' on input line 250.
contour: Using real outline for `Wahl der Gewichtungsmatritzen $\bm {Q}$ und $\bm {R}$' on input line 250.
contour: Using real outline for `Beispiel: Zielfunktion mit zwei Zuständen und einem Eingang' on input line 268.
contour: Using real outline for `Beispiel: Nicht-Diagonale Matrix $\bm {Q}$' on input line 300.
contour: Using real outline for `3.3.3\ ' on input line 324.
contour: Using real outline for `Optimale Rückführverstärkungen $\bm {K}$' on input line 324.
contour: Using real outline for `3.3.4\ ' on input line 362.
contour: Using real outline for `Eigenschaften des LQR-Verfahrens' on input line 362.
contour: Using real outline for `3.3.5\ ' on input line 387.
contour: Using real outline for `Zustandsregler mit PI-Zusatz' on input line 387.
contour: Using real outline for `3.4.1\ ' on input line 439.
contour: Using real outline for `Erweiterung mit Vorverstärkung {\relax \fontsize {7}{8}\selectfont \abovedisplayskip 5\p@ plus2\p@ minus2\p@ \abovedisplayshortskip \z@ plus1\p@ \belowdisplayshortskip 3\p@ plus\p@ minus2\p@ \def \leftmargin \leftmargini \parsep 4\p@ plus2\p@ minus\p@ \topsep 6\p@ plus2\p@ minus3\p@ \itemsep \parsep {\leftmargin \leftmargini \topsep 3\p@ plus\p@ minus\p@ \parsep 2\p@ plus\p@ minus\p@ \itemsep \parsep }\belowdisplayskip \abovedisplayskip (S. 200)}' on input line 439.
<images/zustandsrueckfuehrung_vorverstaerkung.pdf, id=726, 345.29pt x 143.53625pt>
File: images/zustandsrueckfuehrung_vorverstaerkung.pdf Graphic file (type pdf)
<use images/zustandsrueckfuehrung_vorverstaerkung.pdf>
Package pdftex.def Info: images/zustandsrueckfuehrung_vorverstaerkung.pdf  used on input line 448.
(pdftex.def)             Requested size: 181.49443pt x 75.44745pt.
contour: Using real outline for `3.4.2\ ' on input line 466.
contour: Using real outline for `Erweiterung mit PI- / I-Zusatz {\relax \fontsize {7}{8}\selectfont \abovedisplayskip 5\p@ plus2\p@ minus2\p@ \abovedisplayshortskip \z@ plus1\p@ \belowdisplayshortskip 3\p@ plus\p@ minus2\p@ \def \leftmargin \leftmargini \parsep 4\p@ plus2\p@ minus\p@ \topsep 6\p@ plus2\p@ minus3\p@ \itemsep \parsep {\leftmargin \leftmargini \topsep 3\p@ plus\p@ minus\p@ \parsep 2\p@ plus\p@ minus\p@ \itemsep \parsep }\belowdisplayskip \abovedisplayskip (S. 200-202)}' on input line 466.
<images/zustandsrueckfuehrung_PI.pdf, id=728, 427.5975pt x 97.36375pt>
File: images/zustandsrueckfuehrung_PI.pdf Graphic file (type pdf)
<use images/zustandsrueckfuehrung_PI.pdf>
Package pdftex.def Info: images/zustandsrueckfuehrung_PI.pdf  used on input line 495.
(pdftex.def)             Requested size: 230.4682pt x 52.47757pt.
[6 <./images/ZRD_polplatzierung.pdf> <./images/ZRD_zustandsrueckfuehrung_beispiel.pdf> <./images/zustandsrueckfuehrung_vorverstaerkung.pdf

pdfTeX warning: pdflatex (file ./images/zustandsrueckfuehrung_vorverstaerkung.pdf): PDF inclusion: multiple pdfs with page group included in a single page
>]) (./sections/04_beobachter.tex
<images/beobachter_strecke_mit_beobachter.pdf, id=780, 421.575pt x 205.76875pt>
File: images/beobachter_strecke_mit_beobachter.pdf Graphic file (type pdf)
<use images/beobachter_strecke_mit_beobachter.pdf>
Package pdftex.def Info: images/beobachter_strecke_mit_beobachter.pdf  used on input line 20.
(pdftex.def)             Requested size: 244.87329pt x 119.52177pt.

contour: Using real outline for `4.0.1\ ' on input line 53.
contour: Using real outline for `Reduzierter Beobachter' on input line 53.
contour: Using real outline for `4.2.1\ ' on input line 125.
contour: Using real outline for `Vorgabe der Pollagen' on input line 125.
contour: Using real outline for `4.2.2\ ' on input line 144.
contour: Using real outline for `Separationsprinzip' on input line 144.
<images/beobachter_strecke_beobachter_ZRF.pdf, id=782, 437.635pt x 233.87375pt>
File: images/beobachter_strecke_beobachter_ZRF.pdf Graphic file (type pdf)
<use images/beobachter_strecke_beobachter_ZRF.pdf>
Package pdftex.def Info: images/beobachter_strecke_beobachter_ZRF.pdf  used on input line 148.
(pdftex.def)             Requested size: 244.87329pt x 130.86133pt.
contour: Using real outline for `4.3.1\ ' on input line 178.
contour: Using real outline for `Optimale Beobachterverstärkung $\bm {H}$' on input line 178.
contour: Using real outline for `4.3.2\ ' on input line 189.
contour: Using real outline for `Eigenschaften des LQG-Verfahrens' on input line 189.
contour: Using real outline for `4.4.1\ ' on input line 203.
contour: Using real outline for `Beobachter für Teilsysteme' on input line 203.
[7 <./images/zustandsrueckfuehrung_PI.pdf> <./images/beobachter_strecke_mit_beobachter.pdf

pdfTeX warning: pdflatex (file ./images/beobachter_strecke_mit_beobachter.pdf): PDF inclusion: multiple pdfs with page group included in a single page
> <./images/beobachter_strecke_beobachter_ZRF.pdf

pdfTeX warning: pdflatex (file ./images/beobachter_strecke_beobachter_ZRF.pdf): PDF inclusion: multiple pdfs with page group included in a single page
>]
<images/beobachter_teilsysteme.pdf, id=806, 385.44pt x 149.55875pt>
File: images/beobachter_teilsysteme.pdf Graphic file (type pdf)
<use images/beobachter_teilsysteme.pdf>
Package pdftex.def Info: images/beobachter_teilsysteme.pdf  used on input line 210.
(pdftex.def)             Requested size: 230.4682pt x 89.42557pt.

contour: Using real outline for `4.4.2\ ' on input line 219.
contour: Using real outline for `Redundante Messungen' on input line 219.
contour: Using real outline for `4.4.3\ ' on input line 230.
contour: Using real outline for `Reduzierter Beobachter' on input line 230.
<images/beobachter_reduziert.pdf, id=807, 387.4475pt x 144.54pt>
File: images/beobachter_reduziert.pdf Graphic file (type pdf)
<use images/beobachter_reduziert.pdf>
Package pdftex.def Info: images/beobachter_reduziert.pdf  used on input line 261.
(pdftex.def)             Requested size: 230.4682pt x 85.97919pt.
<images/beobachter_zustandsregler_vorverstaerkung.pdf, id=808, 327.2225pt x 109.40875pt>
File: images/beobachter_zustandsregler_vorverstaerkung.pdf Graphic file (type pdf)
<use images/beobachter_zustandsregler_vorverstaerkung.pdf>
Package pdftex.def Info: images/beobachter_zustandsregler_vorverstaerkung.pdf  used on input line 274.
(pdftex.def)             Requested size: 230.4682pt x 77.05803pt.
<images/beobachter_zustandsregler_gesamtsystem.pdf, id=809, 350.30875pt x 60.225pt>
File: images/beobachter_zustandsregler_gesamtsystem.pdf Graphic file (type pdf)
<use images/beobachter_zustandsregler_gesamtsystem.pdf>
Package pdftex.def Info: images/beobachter_zustandsregler_gesamtsystem.pdf  used on input line 287.
(pdftex.def)             Requested size: 230.4682pt x 39.62271pt.
contour: Using real outline for `4.5.1\ ' on input line 294.
contour: Using real outline for `Eigenschaften der Implementierung' on input line 294.
contour: Using real outline for `4.5.2\ ' on input line 309.
contour: Using real outline for `Reglerstruktur -- Zustandsreglers mit Beobachter' on input line 309.
<images/beobachter_implementation.pdf, id=810, 380.42125pt x 168.63pt>
File: images/beobachter_implementation.pdf Graphic file (type pdf)
<use images/beobachter_implementation.pdf>
Package pdftex.def Info: images/beobachter_implementation.pdf  used on input line 316.
(pdftex.def)             Requested size: 230.4682pt x 102.16168pt.
) (./sections/05_digitale_regelung.tex
<images/dig_reg_regelkreis.pdf, id=811, 427.5975pt x 120.45pt>
File: images/dig_reg_regelkreis.pdf Graphic file (type pdf)
<use images/dig_reg_regelkreis.pdf>
Package pdftex.def Info: images/dig_reg_regelkreis.pdf  used on input line 10.
(pdftex.def)             Requested size: 184.37369pt x 51.93584pt.

contour: Using real outline for `5.1.1\ ' on input line 25.
contour: Using real outline for `Vorteile / Nachteile digitale Regler {\relax \fontsize {7}{8}\selectfont \abovedisplayskip 5\p@ plus2\p@ minus2\p@ \abovedisplayshortskip \z@ plus1\p@ \belowdisplayshortskip 3\p@ plus\p@ minus2\p@ \def \leftmargin \leftmargini \parsep 4\p@ plus2\p@ minus\p@ \topsep 6\p@ plus2\p@ minus3\p@ \itemsep \parsep {\leftmargin \leftmargini \topsep 3\p@ plus\p@ minus\p@ \parsep 2\p@ plus\p@ minus\p@ \itemsep \parsep }\belowdisplayskip \abovedisplayskip (S. 215-217)}' on input line 25.
contour: Using real outline for `5.1.2\ ' on input line 40.
contour: Using real outline for `Diskretisierung eines Integrators' on input line 40.
<images/dig_reg_regelkreis_signale.pdf, id=812, 423.12057pt x 155.42206pt>
File: images/dig_reg_regelkreis_signale.pdf Graphic file (type pdf)
<use images/dig_reg_regelkreis_signale.pdf>
Package pdftex.def Info: images/dig_reg_regelkreis_signale.pdf  used on input line 98.
(pdftex.def)             Requested size: 259.27399pt x 95.24129pt.
contour: Using real outline for `5.2.1\ ' on input line 107.
contour: Using real outline for `Quantisierung der Signalwerte / Sättigung {\relax \fontsize {7}{8}\selectfont \abovedisplayskip 5\p@ plus2\p@ minus2\p@ \abovedisplayshortskip \z@ plus1\p@ \belowdisplayshortskip 3\p@ plus\p@ minus2\p@ \def \leftmargin \leftmargini \parsep 4\p@ plus2\p@ minus\p@ \topsep 6\p@ plus2\p@ minus3\p@ \itemsep \parsep {\leftmargin \leftmargini \topsep 3\p@ plus\p@ minus\p@ \parsep 2\p@ plus\p@ minus\p@ \itemsep \parsep }\belowdisplayskip \abovedisplayskip (S. 219-220)}' on input line 107.
[8 <./images/beobachter_teilsysteme.pdf> <./images/beobachter_reduziert.pdf

pdfTeX warning: pdflatex (file ./images/beobachter_reduziert.pdf): PDF inclusion: multiple pdfs with page group included in a single page
> <./images/beobachter_zustandsregler_vorverstaerkung.pdf

pdfTeX warning: pdflatex (file ./images/beobachter_zustandsregler_vorverstaerkung.pdf): PDF inclusion: multiple pdfs with page group included in a single page
> <./images/beobachter_zustandsregler_gesamtsystem.pdf

pdfTeX warning: pdflatex (file ./images/beobachter_zustandsregler_gesamtsystem.pdf): PDF inclusion: multiple pdfs with page group included in a single page
> <./images/beobachter_implementation.pdf

pdfTeX warning: pdflatex (file ./images/beobachter_implementation.pdf): PDF inclusion: multiple pdfs with page group included in a single page
> <./images/dig_reg_regelkreis.pdf

pdfTeX warning: pdflatex (file ./images/dig_reg_regelkreis.pdf): PDF inclusion: multiple pdfs with page group included in a single page
>]
contour: Using real outline for `5.2.2\ ' on input line 120.
contour: Using real outline for `Wahl der Abtastzeit $\bm {T}$ {\relax \fontsize {7}{8}\selectfont \abovedisplayskip 5\p@ plus2\p@ minus2\p@ \abovedisplayshortskip \z@ plus1\p@ \belowdisplayshortskip 3\p@ plus\p@ minus2\p@ \def \leftmargin \leftmargini \parsep 4\p@ plus2\p@ minus\p@ \topsep 6\p@ plus2\p@ minus3\p@ \itemsep \parsep {\leftmargin \leftmargini \topsep 3\p@ plus\p@ minus\p@ \parsep 2\p@ plus\p@ minus\p@ \itemsep \parsep }\belowdisplayskip \abovedisplayskip (S. 220-221)}' on input line 120.
<images/dig_reg_schrittantwort_wendetangente.pdf, id=843, 236.885pt x 134.5025pt>
File: images/dig_reg_schrittantwort_wendetangente.pdf Graphic file (type pdf)
<use images/dig_reg_schrittantwort_wendetangente.pdf>
Package pdftex.def Info: images/dig_reg_schrittantwort_wendetangente.pdf  used on input line 162.
(pdftex.def)             Requested size: 152.68425pt x 86.69699pt.
<images/dig_reg_schrittantwort_kennwerte.pdf, id=844, 214.8025pt x 131.49126pt>
File: images/dig_reg_schrittantwort_kennwerte.pdf Graphic file (type pdf)
<use images/dig_reg_schrittantwort_kennwerte.pdf>
Package pdftex.def Info: images/dig_reg_schrittantwort_kennwerte.pdf  used on input line 197.
(pdftex.def)             Requested size: 152.68425pt x 93.46777pt.
contour: Using real outline for `5.2.3\ ' on input line 216.
contour: Using real outline for `Anti-Aliasing Filter {\relax \fontsize {7}{8}\selectfont \abovedisplayskip 5\p@ plus2\p@ minus2\p@ \abovedisplayshortskip \z@ plus1\p@ \belowdisplayshortskip 3\p@ plus\p@ minus2\p@ \def \leftmargin \leftmargini \parsep 4\p@ plus2\p@ minus\p@ \topsep 6\p@ plus2\p@ minus3\p@ \itemsep \parsep {\leftmargin \leftmargini \topsep 3\p@ plus\p@ minus\p@ \parsep 2\p@ plus\p@ minus\p@ \itemsep \parsep }\belowdisplayskip \abovedisplayskip (S. 222-223)}' on input line 216.
<images/dig_reg_reglerentwurf.pdf, id=845, 385.44pt x 198.7425pt>
File: images/dig_reg_reglerentwurf.pdf Graphic file (type pdf)
<use images/dig_reg_reglerentwurf.pdf>
Package pdftex.def Info: images/dig_reg_reglerentwurf.pdf  used on input line 263.
(pdftex.def)             Requested size: 230.4682pt x 118.83398pt.
) (./sections/06_indirekter_digitaler_reglerentwurf.tex
contour: Using real outline for `6.1.1\ ' on input line 27.
contour: Using real outline for `Approximationen der Fläche $\bm {A}$' on input line 27.
<images/dig_reg_approximation_integration.pdf, id=846, 159.59625pt x 70.2625pt>
File: images/dig_reg_approximation_integration.pdf Graphic file (type pdf)
<use images/dig_reg_approximation_integration.pdf>
Package pdftex.def Info: images/dig_reg_approximation_integration.pdf  used on input line 32.
(pdftex.def)             Requested size: 100.8312pt x 44.39104pt.
contour: Using real outline for `6.2.1\ ' on input line 73.
contour: Using real outline for `Substitutionsterme z-Transformation {\relax \fontsize {7}{8}\selectfont \abovedisplayskip 5\p@ plus2\p@ minus2\p@ \abovedisplayshortskip \z@ plus1\p@ \belowdisplayshortskip 3\p@ plus\p@ minus2\p@ \def \leftmargin \leftmargini \parsep 4\p@ plus2\p@ minus\p@ \topsep 6\p@ plus2\p@ minus3\p@ \itemsep \parsep {\leftmargin \leftmargini \topsep 3\p@ plus\p@ minus\p@ \parsep 2\p@ plus\p@ minus\p@ \itemsep \parsep }\belowdisplayskip \abovedisplayskip (S. 227)}' on input line 73.
LaTeX Font Info:    Font shape `TS1/txr/b/n' in size <8> not available
(Font)              Font shape `TS1/txr/bx/n' tried instead on input line 84.
contour: Using real outline for `Beispiel: Lead-Regler diskretisieren' on input line 95.
[9 <./images/dig_reg_regelkreis_signale.pdf> <./images/dig_reg_schrittantwort_wendetangente.pdf> <./images/dig_reg_schrittantwort_kennwerte.pdf

pdfTeX warning: pdflatex (file ./images/dig_reg_schrittantwort_kennwerte.pdf): PDF inclusion: multiple pdfs with page group included in a single page
> <./images/dig_reg_reglerentwurf.pdf

pdfTeX warning: pdflatex (file ./images/dig_reg_reglerentwurf.pdf): PDF inclusion: multiple pdfs with page group included in a single page
>]
contour: Using real outline for `6.3.1\ ' on input line 130.
contour: Using real outline for `Einstellregeln nach Takahashi, Chan und Auslander {\relax \fontsize {7}{8}\selectfont \abovedisplayskip 5\p@ plus2\p@ minus2\p@ \abovedisplayshortskip \z@ plus1\p@ \belowdisplayshortskip 3\p@ plus\p@ minus2\p@ \def \leftmargin \leftmargini \parsep 4\p@ plus2\p@ minus\p@ \topsep 6\p@ plus2\p@ minus3\p@ \itemsep \parsep {\leftmargin \leftmargini \topsep 3\p@ plus\p@ minus\p@ \parsep 2\p@ plus\p@ minus\p@ \itemsep \parsep }\belowdisplayskip \abovedisplayskip (S. 230)}' on input line 130.
) (./sections/07_z_Transformation_und_UTF.tex
contour: Using real outline for `7.1.1\ ' on input line 14.
contour: Using real outline for `Spezielle Folgen: Abbrechende Folgen' on input line 14.
contour: Using real outline for `Beispiel: Abbrechende Folge und deren z-Transformierte' on input line 20.
contour: Using real outline for `7.4.1\ ' on input line 133.
contour: Using real outline for `Grenzwertsätze der z-Transformation {\relax \fontsize {7}{8}\selectfont \abovedisplayskip 5\p@ plus2\p@ minus2\p@ \abovedisplayshortskip \z@ plus1\p@ \belowdisplayshortskip 3\p@ plus\p@ minus2\p@ \def \leftmargin \leftmargini \parsep 4\p@ plus2\p@ minus\p@ \topsep 6\p@ plus2\p@ minus3\p@ \itemsep \parsep {\leftmargin \leftmargini \topsep 3\p@ plus\p@ minus\p@ \parsep 2\p@ plus\p@ minus\p@ \itemsep \parsep }\belowdisplayskip \abovedisplayskip (S. 235)}' on input line 133.
contour: Using real outline for `Beispiel: Geometrische Folge im Frequenzbereich' on input line 176.
contour: Using real outline for `Beispiel: Periodische Folge' on input line 198.
contour: Using real outline for `Beispiel: Ausgangssignal bestimmen' on input line 211.
[10 <./images/dig_reg_approximation_integration.pdf>]
contour: Using real outline for `Beispiel: Lösen einer linearen Differenzengleichung im Bildbereich' on input line 230.
contour: Using real outline for `7.7.1\ ' on input line 267.
contour: Using real outline for `DC-Gain' on input line 267.
contour: Using real outline for `7.8.1\ ' on input line 324.
contour: Using real outline for `Jury-Kriterium {\relax \fontsize {7}{8}\selectfont \abovedisplayskip 5\p@ plus2\p@ minus2\p@ \abovedisplayshortskip \z@ plus1\p@ \belowdisplayshortskip 3\p@ plus\p@ minus2\p@ \def \leftmargin \leftmargini \parsep 4\p@ plus2\p@ minus\p@ \topsep 6\p@ plus2\p@ minus3\p@ \itemsep \parsep {\leftmargin \leftmargini \topsep 3\p@ plus\p@ minus\p@ \parsep 2\p@ plus\p@ minus\p@ \itemsep \parsep }\belowdisplayskip \abovedisplayskip (S. 241)}' on input line 324.
contour: Using real outline for `7.9.1\ ' on input line 384.
contour: Using real outline for `Darstellungsbereich' on input line 384.
) (./sections/08_diskrete_zustandsraumdarstellung.tex
<images/diskrete_ZRD.pdf, id=946, 350.30875pt x 75.28125pt>
File: images/diskrete_ZRD.pdf Graphic file (type pdf)
<use images/diskrete_ZRD.pdf>
Package pdftex.def Info: images/diskrete_ZRD.pdf  used on input line 11.
(pdftex.def)             Requested size: 181.49443pt x 39.00403pt.

contour: Using real outline for `8.1.1\ ' on input line 27.
contour: Using real outline for `UTF aus diskreter ZRD' on input line 27.
contour: Using real outline for `8.3.1\ ' on input line 61.
contour: Using real outline for `Steuerbarkeitsmatrix $\bm {Q_S}$' on input line 61.
contour: Using real outline for `8.4.1\ ' on input line 105.
contour: Using real outline for `Beobachtbarkeitsmatrix $\bm {Q_B}$' on input line 105.
) (./sections/09_direkter_digitaler_reglerentwurf.tex [11 <./images/diskrete_ZRD.pdf>]
<images/direkt_dig_reg_regelkreis.pdf, id=979, 294.09875pt x 47.17625pt>
File: images/direkt_dig_reg_regelkreis.pdf Graphic file (type pdf)
<use images/direkt_dig_reg_regelkreis.pdf>
Package pdftex.def Info: images/direkt_dig_reg_regelkreis.pdf  used on input line 15.
(pdftex.def)             Requested size: 216.06313pt x 34.65863pt.

contour: Using real outline for `9.1.1\ ' on input line 22.
contour: Using real outline for `Voraussetzungen' on input line 22.
contour: Using real outline for `9.1.2\ ' on input line 30.
contour: Using real outline for `Direkter digitaler Reglerentwurf' on input line 30.
<images/direkt_dig_reg_ZOH_konversion.pdf, id=980, 395.4775pt x 222.8325pt>
File: images/direkt_dig_reg_ZOH_konversion.pdf Graphic file (type pdf)
<use images/direkt_dig_reg_ZOH_konversion.pdf>
Package pdftex.def Info: images/direkt_dig_reg_ZOH_konversion.pdf  used on input line 69.
(pdftex.def)             Requested size: 259.27399pt x 146.09065pt.
contour: Using real outline for `9.2.1\ ' on input line 75.
contour: Using real outline for `Steuerbarkeit / Beobachtbarkeit {\relax \fontsize {7}{8}\selectfont \abovedisplayskip 5\p@ plus2\p@ minus2\p@ \abovedisplayshortskip \z@ plus1\p@ \belowdisplayshortskip 3\p@ plus\p@ minus2\p@ \def \leftmargin \leftmargini \parsep 4\p@ plus2\p@ minus\p@ \topsep 6\p@ plus2\p@ minus3\p@ \itemsep \parsep {\leftmargin \leftmargini \topsep 3\p@ plus\p@ minus\p@ \parsep 2\p@ plus\p@ minus\p@ \itemsep \parsep }\belowdisplayskip \abovedisplayskip (S. 251-253)}' on input line 75.
contour: Using real outline for `9.2.2\ ' on input line 88.
contour: Using real outline for `Stabilität' on input line 88.
<images/direkt_dig_reg_abbildung_geraden.pdf, id=983, 304.13625pt x 102.3825pt>
File: images/direkt_dig_reg_abbildung_geraden.pdf Graphic file (type pdf)
<use images/direkt_dig_reg_abbildung_geraden.pdf>
Package pdftex.def Info: images/direkt_dig_reg_abbildung_geraden.pdf  used on input line 104.
(pdftex.def)             Requested size: 230.4682pt x 77.58498pt.
contour: Using real outline for `Beispiel: Abblidung eines Streifens' on input line 126.
<images/direkt_dig_reg_abbildung_beispiel.pdf, id=984, 315.1775pt x 102.3825pt>
File: images/direkt_dig_reg_abbildung_beispiel.pdf Graphic file (type pdf)
<use images/direkt_dig_reg_abbildung_beispiel.pdf>
Package pdftex.def Info: images/direkt_dig_reg_abbildung_beispiel.pdf  used on input line 128.
(pdftex.def)             Requested size: 230.4682pt x 74.86514pt.
<images/direkt_dig_reg_ZOH_diskretisierung.pdf, id=985, 338.26375pt x 117.43875pt>
File: images/direkt_dig_reg_ZOH_diskretisierung.pdf Graphic file (type pdf)
<use images/direkt_dig_reg_ZOH_diskretisierung.pdf>
Package pdftex.def Info: images/direkt_dig_reg_ZOH_diskretisierung.pdf  used on input line 140.
(pdftex.def)             Requested size: 224.70529pt x 78.01514pt.
contour: Using real outline for `9.3.1\ ' on input line 153.
contour: Using real outline for `Bestimmung der diskreten Stecke $\bm {\overline {G}_S(z)}$' on input line 153.
contour: Using real outline for `Beispiel: ZOH-Diskretisierung mit UTF' on input line 167.
contour: Using real outline for `kontinuierlichen' on input line 215.
contour: Using real outline for `9.4.1\ ' on input line 219.
contour: Using real outline for `Bestimmung der diskreten Stecke $\bm {\overline {G}_S(z)}$' on input line 219.
contour: Using real outline for `9.5.1\ ' on input line 262.
contour: Using real outline for `Platzierung der Pole' on input line 262.
[12 <./images/direkt_dig_reg_regelkreis.pdf> <./images/direkt_dig_reg_ZOH_konversion.pdf

pdfTeX warning: pdflatex (file ./images/direkt_dig_reg_ZOH_konversion.pdf): PDF inclusion: multiple pdfs with page group included in a single page
> <./images/direkt_dig_reg_abbildung_geraden.pdf

pdfTeX warning: pdflatex (file ./images/direkt_dig_reg_abbildung_geraden.pdf): PDF inclusion: multiple pdfs with page group included in a single page
> <./images/direkt_dig_reg_abbildung_beispiel.pdf

pdfTeX warning: pdflatex (file ./images/direkt_dig_reg_abbildung_beispiel.pdf): PDF inclusion: multiple pdfs with page group included in a single page
> <./images/direkt_dig_reg_ZOH_diskretisierung.pdf

pdfTeX warning: pdflatex (file ./images/direkt_dig_reg_ZOH_diskretisierung.pdf): PDF inclusion: multiple pdfs with page group included in a single page
>]
contour: Using real outline for `9.7.1\ ' on input line 312.
contour: Using real outline for `Einfachster Deadbeat-Regler' on input line 312.
contour: Using real outline for `9.8.1\ ' on input line 339.
contour: Using real outline for `Polplatzierung' on input line 339.
contour: Using real outline for `9.8.2\ ' on input line 348.
contour: Using real outline for `LQR / LQG' on input line 348.
(/usr/local/texlive/2024/texmf-dist/tex/latex/base/cp1252.def
File: cp1252.def 2021/02/14 v1.3d Input encoding file
) (/usr/local/texlive/2024/texmf-dist/tex/latex/base/cp1252.def
File: cp1252.def 2021/02/14 v1.3d Input encoding file
)) (./sections/99_anhang.tex
contour: Using real outline for `10.2.1\ ' on input line 29.
contour: Using real outline for `Matrixmultiplikation' on input line 29.
contour: Using real outline for `Beispiel: Matrixmultiplikation' on input line 36.
contour: Using real outline for `10.2.2\ ' on input line 65.
contour: Using real outline for `Übersicht zu (quadratischen) Matritzen' on input line 65.
contour: Using real outline for `10.2.3\ ' on input line 91.
contour: Using real outline for `Determinante' on input line 91.
contour: Using real outline for `10.2.4\ ' on input line 141.
contour: Using real outline for `Singuläre / Reguläre Matritzen' on input line 141.
contour: Using real outline for `10.2.5\ ' on input line 149.
contour: Using real outline for `Rang einer Matrix' on input line 149.
contour: Using real outline for `10.2.6\ ' on input line 159.
contour: Using real outline for `Inverse Matritzen' on input line 159.
contour: Using real outline for `10.2.7\ ' on input line 190.
contour: Using real outline for `Permutationsmatrix' on input line 190.
contour: Using real outline for `10.2.8\ ' on input line 213.
contour: Using real outline for `Lineare Gleichungssysteme lösen' on input line 213.
contour: Using real outline for `10.2.9\ ' on input line 228.
contour: Using real outline for `Transformationen' on input line 228.
contour: Using real outline for `10.2.10\ ' on input line 242.
contour: Using real outline for `Eigenwerte / Eigenvektoren' on input line 242.
[13]
contour: Using real outline for `10.2.11\ ' on input line 298.
contour: Using real outline for `Positive Definitheit von Matritzen' on input line 298.
<images/hauptminoren.pdf, id=1458, 204.765pt x 83.31125pt>
File: images/hauptminoren.pdf Graphic file (type pdf)
<use images/hauptminoren.pdf>
Package pdftex.def Info: images/hauptminoren.pdf  used on input line 313.
(pdftex.def)             Requested size: 138.27916pt x 56.26443pt.
contour: Using real outline for `10.2.12\ ' on input line 317.
contour: Using real outline for `Lagrange-Verfahren' on input line 317.
contour: Using real outline for `10.2.13\ ' on input line 353.
contour: Using real outline for `Exponentialfunktion von Matritzen' on input line 353.
contour: Using real outline for `10.2.14\ ' on input line 384.
contour: Using real outline for `MATLAB-Hinweis' on input line 384.
contour: Using real outline for `10.3.1\ ' on input line 401.
contour: Using real outline for `Rechenregeln' on input line 401.
contour: Using real outline for `10.3.2\ ' on input line 413.
contour: Using real outline for `$\bm {\ensuremath {\SI@fstyle {d}}\ensuremath {\SI@fstyle {B}}}$--Umrechnungstabelle {\relax \fontsize {7}{8}\selectfont \abovedisplayskip 5\p@ plus2\p@ minus2\p@ \abovedisplayshortskip \z@ plus1\p@ \belowdisplayshortskip 3\p@ plus\p@ minus2\p@ \def \leftmargin \leftmargini \parsep 4\p@ plus2\p@ minus\p@ \topsep 6\p@ plus2\p@ minus3\p@ \itemsep \parsep {\leftmargin \leftmargini \topsep 3\p@ plus\p@ minus\p@ \parsep 2\p@ plus\p@ minus\p@ \itemsep \parsep }\belowdisplayskip \abovedisplayskip (S. 133)}' on input line 413.
contour: Using real outline for `10.5.1\ ' on input line 462.
contour: Using real outline for `Laplace-Transformierte einiger Funktionen {\relax \fontsize {7}{8}\selectfont \abovedisplayskip 5\p@ plus2\p@ minus2\p@ \abovedisplayshortskip \z@ plus1\p@ \belowdisplayshortskip 3\p@ plus\p@ minus2\p@ \def \leftmargin \leftmargini \parsep 4\p@ plus2\p@ minus\p@ \topsep 6\p@ plus2\p@ minus3\p@ \itemsep \parsep {\leftmargin \leftmargini \topsep 3\p@ plus\p@ minus\p@ \parsep 2\p@ plus\p@ minus\p@ \itemsep \parsep }\belowdisplayskip \abovedisplayskip (S. 21)}' on input line 462.
contour: Using real outline for `10.5.2\ ' on input line 532.
contour: Using real outline for `Eigenschaften der Laplace-Transformation {\relax \fontsize {7}{8}\selectfont \abovedisplayskip 5\p@ plus2\p@ minus2\p@ \abovedisplayshortskip \z@ plus1\p@ \belowdisplayshortskip 3\p@ plus\p@ minus2\p@ \def \leftmargin \leftmargini \parsep 4\p@ plus2\p@ minus\p@ \topsep 6\p@ plus2\p@ minus3\p@ \itemsep \parsep {\leftmargin \leftmargini \topsep 3\p@ plus\p@ minus\p@ \parsep 2\p@ plus\p@ minus\p@ \itemsep \parsep }\belowdisplayskip \abovedisplayskip (S. 22)}' on input line 532.
contour: Using real outline for `10.5.3\ ' on input line 558.
contour: Using real outline for `Grenzwertsätze der Laplace-Transformation {\relax \fontsize {7}{8}\selectfont \abovedisplayskip 5\p@ plus2\p@ minus2\p@ \abovedisplayshortskip \z@ plus1\p@ \belowdisplayshortskip 3\p@ plus\p@ minus2\p@ \def \leftmargin \leftmargini \parsep 4\p@ plus2\p@ minus\p@ \topsep 6\p@ plus2\p@ minus3\p@ \itemsep \parsep {\leftmargin \leftmargini \topsep 3\p@ plus\p@ minus\p@ \parsep 2\p@ plus\p@ minus\p@ \itemsep \parsep }\belowdisplayskip \abovedisplayskip (S. 22)}' on input line 558.
[14 <./images/hauptminoren.pdf>]
<images/WOK_zeichnen_reelle_achse.pdf, id=1497, 336.25626pt x 62.2325pt>
File: images/WOK_zeichnen_reelle_achse.pdf Graphic file (type pdf)
<use images/WOK_zeichnen_reelle_achse.pdf>
Package pdftex.def Info: images/WOK_zeichnen_reelle_achse.pdf  used on input line 628.
(pdftex.def)             Requested size: 224.70529pt x 41.5873pt.
<images/WOK_asymptoten.pdf, id=1498, 384.43625pt x 123.46124pt>
File: images/WOK_asymptoten.pdf Graphic file (type pdf)
<use images/WOK_asymptoten.pdf>
Package pdftex.def Info: images/WOK_asymptoten.pdf  used on input line 661.
(pdftex.def)             Requested size: 230.4682pt x 74.01701pt.
<images/WOK_komplett.pdf, id=1499, 281.05pt x 169.63374pt>
File: images/WOK_komplett.pdf Graphic file (type pdf)
<use images/WOK_komplett.pdf>
Package pdftex.def Info: images/WOK_komplett.pdf  used on input line 686.
(pdftex.def)             Requested size: 201.65804pt x 121.71428pt.


pdfTeX warning: pdflatex (file ./images/WOK_pol_NS_tabelle.pdf): PDF inclusion: found PDF version <1.7>, but at most version <1.5> allowed
<images/WOK_pol_NS_tabelle.pdf, id=1500, 338.5878pt x 441.01773pt>
File: images/WOK_pol_NS_tabelle.pdf Graphic file (type pdf)
<use images/WOK_pol_NS_tabelle.pdf>
Package pdftex.def Info: images/WOK_pol_NS_tabelle.pdf  used on input line 708.
(pdftex.def)             Requested size: 259.27399pt x 337.73412pt.
contour: Using real outline for `11.4.1\ ' on input line 716.
contour: Using real outline for `Vorgehen -- P-Regler mit WOK auslegen' on input line 716.
contour: Using real outline for `Beispiel: Auslegung eines P-Regler mittels WOK' on input line 731.
contour: Using real outline for `\textbf {1. WOK skizzieren}' on input line 750.
<images/WOK_P-Regler_WOK_zeichnen.png, id=1504, 466.1415pt x 464.33475pt>
File: images/WOK_P-Regler_WOK_zeichnen.png Graphic file (type png)
<use images/WOK_P-Regler_WOK_zeichnen.png>
Package pdftex.def Info: images/WOK_P-Regler_WOK_zeichnen.png  used on input line 755.
(pdftex.def)             Requested size: 86.42612pt x 86.09187pt.
contour: Using real outline for `\textbf {2. Pole platzieren}' on input line 760.
<images/WOK_P-Regler_daempfung.png, id=1505, 464.33475pt x 461.3235pt>
File: images/WOK_P-Regler_daempfung.png Graphic file (type png)
<use images/WOK_P-Regler_daempfung.png>
Package pdftex.def Info: images/WOK_P-Regler_daempfung.png  used on input line 765.
(pdftex.def)             Requested size: 86.42612pt x 85.86441pt.
contour: Using real outline for `\textbf {3. $\bm {K}$ und $\bm {\omega _n}$ bestimmen}' on input line 770.
<images/WOK_P-Regler_verstaerkung.png, id=1506, 431.211pt x 410.7345pt>
File: images/WOK_P-Regler_verstaerkung.png Graphic file (type png)
<use images/WOK_P-Regler_verstaerkung.png>
Package pdftex.def Info: images/WOK_P-Regler_verstaerkung.png  used on input line 775.
(pdftex.def)             Requested size: 86.42612pt x 82.32092pt.
contour: Using real outline for `\textbf {4. $\bm {K_R}$ bestimmen}' on input line 780.
contour: Using real outline for `11.4.2\ ' on input line 786.
contour: Using real outline for `Beantwortung der 'Grundfragen' für P-Regler' on input line 786.
contour: Using real outline for `12.1.1\ ' on input line 802.
contour: Using real outline for `Zustandsraum-Objekte (LTI-Objekte)' on input line 802.
Package hyperref Info: bookmark level for unknown lstlisting defaults to 0 on input line 803.
(/usr/local/texlive/2024/texmf-dist/tex/latex/base/cp1252.def
File: cp1252.def 2021/02/14 v1.3d Input encoding file
) (./snippets/LTI-Objekte.m
LaTeX Font Info:    Trying to load font information for TS1+txtt on input line 8.
 (/usr/local/texlive/2024/texmf-dist/tex/latex/txfonts/ts1txtt.fd
File: ts1txtt.fd 2000/12/15 v3.1
) [15 <./images/WOK_zeichnen_reelle_achse.pdf> <./images/WOK_asymptoten.pdf

pdfTeX warning: pdflatex (file ./images/WOK_asymptoten.pdf): PDF inclusion: multiple pdfs with page group included in a single page
> <./images/WOK_komplett.pdf

pdfTeX warning: pdflatex (file ./images/WOK_komplett.pdf): PDF inclusion: multiple pdfs with page group included in a single page
> <./images/WOK_pol_NS_tabelle.pdf> <./images/WOK_P-Regler_WOK_zeichnen.png> <./images/WOK_P-Regler_daempfung.png> <./images/WOK_P-Regler_verstaerkung.png>])
contour: Using real outline for `12.1.2\ ' on input line 807.
contour: Using real outline for `Spezielle Matritzen im Zustandsraum' on input line 807.
(/usr/local/texlive/2024/texmf-dist/tex/latex/base/cp1252.def
File: cp1252.def 2021/02/14 v1.3d Input encoding file
) (./snippets/spezielle_matritzen_zustandsraum.m
LaTeX Font Info:    Font shape `T1/txtt/b/n' in size <8> not available
(Font)              Font shape `T1/txtt/bx/n' tried instead on input line 8.
) (/usr/local/texlive/2024/texmf-dist/tex/latex/base/cp1252.def
File: cp1252.def 2021/02/14 v1.3d Input encoding file
) (./snippets/bode_nyquist.m) (/usr/local/texlive/2024/texmf-dist/tex/latex/base/cp1252.def
File: cp1252.def 2021/02/14 v1.3d Input encoding file
) (./snippets/z_transformation.m) (/usr/local/texlive/2024/texmf-dist/tex/latex/base/cp1252.def
File: cp1252.def 2021/02/14 v1.3d Input encoding file
) (./snippets/digitale_regler.m) (/usr/local/texlive/2024/texmf-dist/tex/latex/base/cp1252.def
File: cp1252.def 2021/02/14 v1.3d Input encoding file
) (./snippets/wurzelortskurven.m) (/usr/local/texlive/2024/texmf-dist/tex/latex/base/cp1252.def
File: cp1252.def 2021/02/14 v1.3d Input encoding file
) (./snippets/zustandsrueckfuehrung.m)
<images/RegT1_grundglieder/eingangssignal_schrittantwort.jpg, id=1534, 338.4645pt x 269.20575pt>
File: images/RegT1_grundglieder/eingangssignal_schrittantwort.jpg Graphic file (type jpg)
<use images/RegT1_grundglieder/eingangssignal_schrittantwort.jpg>
Package pdftex.def Info: images/RegT1_grundglieder/eingangssignal_schrittantwort.jpg  used on input line 852.
(pdftex.def)             Requested size: 53.00668pt x 42.15776pt.
<images/RegT1_grundglieder/schrittantwort_p-glied.jpg, id=1535, 449.2785pt x 359.54324pt>
File: images/RegT1_grundglieder/schrittantwort_p-glied.jpg Graphic file (type jpg)
<use images/RegT1_grundglieder/schrittantwort_p-glied.jpg>
Package pdftex.def Info: images/RegT1_grundglieder/schrittantwort_p-glied.jpg  used on input line 856.
(pdftex.def)             Requested size: 53.00668pt x 42.41914pt.
<images/RegT1_grundglieder/symbol_p-glied_1.jpg, id=1536, 323.40825pt x 176.45924pt>
File: images/RegT1_grundglieder/symbol_p-glied_1.jpg Graphic file (type jpg)
<use images/RegT1_grundglieder/symbol_p-glied_1.jpg>
Package pdftex.def Info: images/RegT1_grundglieder/symbol_p-glied_1.jpg  used on input line 860.
(pdftex.def)             Requested size: 53.00668pt x 28.92064pt.
<images/RegT1_grundglieder/symbol_p-glied_2.jpg, id=1537, 338.4645pt x 177.66376pt>
File: images/RegT1_grundglieder/symbol_p-glied_2.jpg Graphic file (type jpg)
<use images/RegT1_grundglieder/symbol_p-glied_2.jpg>
Package pdftex.def Info: images/RegT1_grundglieder/symbol_p-glied_2.jpg  used on input line 864.
(pdftex.def)             Requested size: 53.00668pt x 27.82224pt.

contour: Using real outline for `14.0.1\ ' on input line 876.
contour: Using real outline for `Prozesse mit / ohne Ausgleich' on input line 876.
<images/RegT1_grundglieder/totzeit-glied.jpg, id=1538, 920.84026pt x 184.89075pt>
File: images/RegT1_grundglieder/totzeit-glied.jpg Graphic file (type jpg)
<use images/RegT1_grundglieder/totzeit-glied.jpg>
Package pdftex.def Info: images/RegT1_grundglieder/totzeit-glied.jpg  used on input line 890.
(pdftex.def)             Requested size: 259.27399pt x 52.05963pt.
<images/RegT1_grundglieder/i-glied.jpg, id=1539, 918.43124pt x 196.93575pt>
File: images/RegT1_grundglieder/i-glied.jpg Graphic file (type jpg)
<use images/RegT1_grundglieder/i-glied.jpg>
Package pdftex.def Info: images/RegT1_grundglieder/i-glied.jpg  used on input line 903.
(pdftex.def)             Requested size: 259.27399pt x 55.59537pt.
LaTeX Font Info:    Font shape `T1/txr/b/n' in size <5> not available
(Font)              Font shape `T1/txr/bx/n' tried instead on input line 907.
<images/RegT1_grundglieder/pt1-glied_kennlinie.jpg, id=1540, 537.207pt x 359.54324pt>
File: images/RegT1_grundglieder/pt1-glied_kennlinie.jpg Graphic file (type jpg)
<use images/RegT1_grundglieder/pt1-glied_kennlinie.jpg>
Package pdftex.def Info: images/RegT1_grundglieder/pt1-glied_kennlinie.jpg  used on input line 920.
(pdftex.def)             Requested size: 144.04208pt x 96.40317pt.
<images/RegT1_grundglieder/symbol_PT1-glied.jpg, id=1541, 589.0005pt x 193.32225pt>
File: images/RegT1_grundglieder/symbol_PT1-glied.jpg Graphic file (type jpg)
<use images/RegT1_grundglieder/symbol_PT1-glied.jpg>
Package pdftex.def Info: images/RegT1_grundglieder/symbol_PT1-glied.jpg  used on input line 924.
(pdftex.def)             Requested size: 92.18587pt x 30.25667pt.
contour: Using real outline for `14.3.1\ ' on input line 929.
contour: Using real outline for `Modellierung einer $\text {PT}_1$ Regelstrecke' on input line 929.
contour: Using real outline for `Beispiel: $\text {PT}_1$-Glied als Blockschaltbild' on input line 940.
<images/RegT1_grundglieder/pT1_blockschaltbild.png, id=1542, 798.5835pt x 319.1925pt>
File: images/RegT1_grundglieder/pT1_blockschaltbild.png Graphic file (type png)
<use images/RegT1_grundglieder/pT1_blockschaltbild.png>
Package pdftex.def Info: images/RegT1_grundglieder/pT1_blockschaltbild.png  used on input line 942.
(pdftex.def)             Requested size: 138.27916pt x 55.26532pt.
<images/RegT1_grundglieder/pT2_sprungantwort.png, id=1543, 470.35725pt x 334.851pt>
File: images/RegT1_grundglieder/pT2_sprungantwort.png Graphic file (type png)
<use images/RegT1_grundglieder/pT2_sprungantwort.png>
Package pdftex.def Info: images/RegT1_grundglieder/pT2_sprungantwort.png  used on input line 969.
(pdftex.def)             Requested size: 158.44716pt x 112.8004pt.
<images/RegT1_grundglieder/pT2_symbol.png, id=1544, 268.6035pt x 80.09924pt>
File: images/RegT1_grundglieder/pT2_symbol.png Graphic file (type png)
<use images/RegT1_grundglieder/pT2_symbol.png>
Package pdftex.def Info: images/RegT1_grundglieder/pT2_symbol.png  used on input line 973.
(pdftex.def)             Requested size: 82.10504pt x 24.48338pt.
[16 <./images/RegT1_grundglieder/eingangssignal_schrittantwort.jpg> <./images/RegT1_grundglieder/schrittantwort_p-glied.jpg> <./images/RegT1_grundglieder/symbol_p-glied_1.jpg> <./images/RegT1_grundglieder/symbol_p-glied_2.jpg> <./images/RegT1_grundglieder/totzeit-glied.jpg> <./images/RegT1_grundglieder/i-glied.jpg> <./images/RegT1_grundglieder/pt1-glied_kennlinie.jpg> <./images/RegT1_grundglieder/symbol_PT1-glied.jpg> <./images/RegT1_grundglieder/pT1_blockschaltbild.png>]
contour: Using real outline for `\textbf {ideal}' on input line 1002.
<images/RegT1_grundglieder/D-glied_ideal.png, id=1643, 206.57175pt x 341.47575pt>
File: images/RegT1_grundglieder/D-glied_ideal.png Graphic file (type png)
<use images/RegT1_grundglieder/D-glied_ideal.png>
Package pdftex.def Info: images/RegT1_grundglieder/D-glied_ideal.png  used on input line 1007.
(pdftex.def)             Requested size: 46.81323pt x 77.38103pt.
contour: Using real outline for `\textbf {real}' on input line 1012.
<images/RegT1_grundglieder/D-glied_real.png, id=1644, 193.9245pt x 338.4645pt>
File: images/RegT1_grundglieder/D-glied_real.png Graphic file (type png)
<use images/RegT1_grundglieder/D-glied_real.png>
Package pdftex.def Info: images/RegT1_grundglieder/D-glied_real.png  used on input line 1017.
(pdftex.def)             Requested size: 43.21306pt x 75.41785pt.
<images/RegT1_grundglieder/D-glied_symbol.png, id=1645, 422.7795pt x 172.84575pt>
File: images/RegT1_grundglieder/D-glied_symbol.png Graphic file (type png)
<use images/RegT1_grundglieder/D-glied_symbol.png>
Package pdftex.def Info: images/RegT1_grundglieder/D-glied_symbol.png  used on input line 1021.
(pdftex.def)             Requested size: 64.8185pt x 26.49805pt.
<images/RegT1_grundglieder/DT1-glied.png, id=1646, 978.054pt x 363.15675pt>
File: images/RegT1_grundglieder/DT1-glied.png Graphic file (type png)
<use images/RegT1_grundglieder/DT1-glied.png>
Package pdftex.def Info: images/RegT1_grundglieder/DT1-glied.png  used on input line 1037.
(pdftex.def)             Requested size: 288.08417pt x 106.96407pt.
contour: Using real outline for `Beispiel: Mögliche Realisierungen von $\text {DT}_1$-Gliedern' on input line 1041.
<images/RegT1_grundglieder/pT1_blockschaltbild_2.png, id=1647, 844.3545pt x 303.534pt>
File: images/RegT1_grundglieder/pT1_blockschaltbild_2.png Graphic file (type png)
<use images/RegT1_grundglieder/pT1_blockschaltbild_2.png>
Package pdftex.def Info: images/RegT1_grundglieder/pT1_blockschaltbild_2.png  used on input line 1043.
(pdftex.def)             Requested size: 138.27916pt x 49.70578pt.
<images/RegT1_grundglieder/DT1-glied_blockschaltbild.png, id=1648, 966.009pt x 224.037pt>
File: images/RegT1_grundglieder/DT1-glied_blockschaltbild.png Graphic file (type png)
<use images/RegT1_grundglieder/DT1-glied_blockschaltbild.png>
Package pdftex.def Info: images/RegT1_grundglieder/DT1-glied_blockschaltbild.png  used on input line 1047.
(pdftex.def)             Requested size: 138.27916pt x 32.06917pt.
contour: Using real outline for `\textbf {Lead-Glied}' on input line 1068.
<images/RegT1_grundglieder/lead-glied.png, id=1649, 413.1435pt x 313.17pt>
File: images/RegT1_grundglieder/lead-glied.png Graphic file (type png)
<use images/RegT1_grundglieder/lead-glied.png>
Package pdftex.def Info: images/RegT1_grundglieder/lead-glied.png  used on input line 1073.
(pdftex.def)             Requested size: 116.6725pt x 88.43723pt.
contour: Using real outline for `\textbf {Lag-Glied}' on input line 1078.
<images/RegT1_grundglieder/lag-glied.png, id=1650, 417.35925pt x 312.56775pt>
File: images/RegT1_grundglieder/lag-glied.png Graphic file (type png)
<use images/RegT1_grundglieder/lag-glied.png>
Package pdftex.def Info: images/RegT1_grundglieder/lag-glied.png  used on input line 1083.
(pdftex.def)             Requested size: 116.6725pt x 87.37527pt.
)
Overfull \vbox (3.75604pt too high) has occurred while \output is active []

 [17 <./images/RegT1_grundglieder/pT2_sprungantwort.png> <./images/RegT1_grundglieder/pT2_symbol.png> <./images/RegT1_grundglieder/D-glied_ideal.png> <./images/RegT1_grundglieder/D-glied_real.png> <./images/RegT1_grundglieder/D-glied_symbol.png> <./images/RegT1_grundglieder/DT1-glied.png> <./images/RegT1_grundglieder/pT1_blockschaltbild_2.png> <./images/RegT1_grundglieder/DT1-glied_blockschaltbild.png> <./images/RegT1_grundglieder/lead-glied.png> <./images/RegT1_grundglieder/lag-glied.png>]
\openout2 = `sections/100_anhang_regt2_tabellen.aux'.

 (./sections/100_anhang_regt2_tabellen.tex

pdfTeX warning: pdflatex (file ./images/grundglieder/Grundglieder_Tabelle_1_small.pdf): PDF inclusion: found PDF version <1.7>, but at most version <1.5> allowed
<images/grundglieder/Grundglieder_Tabelle_1_small.pdf, id=1680, 654.41339pt x 460.93463pt>
File: images/grundglieder/Grundglieder_Tabelle_1_small.pdf Graphic file (type pdf)
<use images/grundglieder/Grundglieder_Tabelle_1_small.pdf>
Package pdftex.def Info: images/grundglieder/Grundglieder_Tabelle_1_small.pdf  used on input line 4.
(pdftex.def)             Requested size: 522.38907pt x 367.96048pt.


pdfTeX warning: pdflatex (file ./images/grundglieder/Grundglieder_Tabelle_2_small.pdf): PDF inclusion: found PDF version <1.7>, but at most version <1.5> allowed
<images/grundglieder/Grundglieder_Tabelle_2_small.pdf, id=1681, 654.41339pt x 492.23268pt>
File: images/grundglieder/Grundglieder_Tabelle_2_small.pdf Graphic file (type pdf)
<use images/grundglieder/Grundglieder_Tabelle_2_small.pdf>
Package pdftex.def Info: images/grundglieder/Grundglieder_Tabelle_2_small.pdf  used on input line 8.
(pdftex.def)             Requested size: 522.38907pt x 392.94545pt.
[18

 <./images/grundglieder/Grundglieder_Tabelle_1_small.pdf> <./images/grundglieder/Grundglieder_Tabelle_2_small.pdf>]

pdfTeX warning: pdflatex (file ./images/grundglieder/Grundglieder_Tabelle_3_small.pdf): PDF inclusion: found PDF version <1.7>, but at most version <1.5> allowed
<images/grundglieder/Grundglieder_Tabelle_3_small.pdf, id=1777, 654.41339pt x 489.3874pt>
File: images/grundglieder/Grundglieder_Tabelle_3_small.pdf Graphic file (type pdf)
<use images/grundglieder/Grundglieder_Tabelle_3_small.pdf>
Package pdftex.def Info: images/grundglieder/Grundglieder_Tabelle_3_small.pdf  used on input line 13.
(pdftex.def)             Requested size: 522.38907pt x 390.6741pt.


pdfTeX warning: pdflatex (file ./images/grundglieder/Grundglieder_Tabelle_4_small.pdf): PDF inclusion: found PDF version <1.7>, but at most version <1.5> allowed
<images/grundglieder/Grundglieder_Tabelle_4_small.pdf, id=1778, 654.41339pt x 475.16103pt>
File: images/grundglieder/Grundglieder_Tabelle_4_small.pdf Graphic file (type pdf)
<use images/grundglieder/Grundglieder_Tabelle_4_small.pdf>
Package pdftex.def Info: images/grundglieder/Grundglieder_Tabelle_4_small.pdf  used on input line 17.
(pdftex.def)             Requested size: 522.38907pt x 379.31729pt.
[19 <./images/grundglieder/Grundglieder_Tabelle_3_small.pdf> <./images/grundglieder/Grundglieder_Tabelle_4_small.pdf>]

pdfTeX warning: pdflatex (file ./images/grundglieder/Grundglieder_Tabelle_5_small.pdf): PDF inclusion: found PDF version <1.7>, but at most version <1.5> allowed
<images/grundglieder/Grundglieder_Tabelle_5_small.pdf, id=1848, 654.41339pt x 492.23268pt>
File: images/grundglieder/Grundglieder_Tabelle_5_small.pdf Graphic file (type pdf)
<use images/grundglieder/Grundglieder_Tabelle_5_small.pdf>
Package pdftex.def Info: images/grundglieder/Grundglieder_Tabelle_5_small.pdf  used on input line 22.
(pdftex.def)             Requested size: 522.38907pt x 392.94545pt.


pdfTeX warning: pdflatex (file ./images/analogrechner_uebersicht.pdf): PDF inclusion: found PDF version <1.7>, but at most version <1.5> allowed
<images/analogrechner_uebersicht.pdf, id=1849, 657.25867pt x 369.88583pt>
File: images/analogrechner_uebersicht.pdf Graphic file (type pdf)
<use images/analogrechner_uebersicht.pdf>
Package pdftex.def Info: images/analogrechner_uebersicht.pdf  used on input line 29.
(pdftex.def)             Requested size: 522.38907pt x 293.98445pt.
) [20 <./images/grundglieder/Grundglieder_Tabelle_5_small.pdf> <./images/analogrechner_uebersicht.pdf>] (./regelungstechnik_4.aux <Reading QR code for "https://gitlab.com/sstitz/regelungstechnik-4" at level 3-L from aux file.>
(./sections/100_anhang_regt2_tabellen.aux))
 ***********
LaTeX2e <2023-11-01> patch level 1
L3 programming layer <2024-02-20>
 ***********
Package rerunfilecheck Info: File `regelungstechnik_4.out' has not changed.
(rerunfilecheck)             Checksum: A78178CD5A7D2C8BAF07841F4D058856;23052.
 ) 
Here is how much of TeX's memory you used:
 41423 strings out of 474116
 819789 string characters out of 5743681
 2802187 words of memory out of 5000000
 62385 multiletter control sequences out of 15000+600000
 697616 words of font info for 310 fonts, out of 8000000 for 9000
 1141 hyphenation exceptions out of 8191
 88i,23n,98p,1114b,3642s stack positions out of 10000i,1000n,20000p,200000b,200000s
</usr/local/texlive/2024/texmf-dist/fonts/type1/public/amsfonts/cm/cmex10.pfb></usr/local/texlive/2024/texmf-dist/fonts/type1/public/amsfonts/cm/cmmi12.pfb></usr/local/texlive/2024/texmf-dist/fonts/type1/public/amsfonts/cm/cmmi6.pfb></usr/local/texlive/2024/texmf-dist/fonts/type1/public/amsfonts/cm/cmmi8.pfb></usr/local/texlive/2024/texmf-dist/fonts/type1/public/amsfonts/cm/cmr12.pfb></usr/local/texlive/2024/texmf-dist/fonts/type1/public/amsfonts/cm/cmr6.pfb></usr/local/texlive/2024/texmf-dist/fonts/type1/public/amsfonts/cm/cmr8.pfb></usr/local/texlive/2024/texmf-dist/fonts/type1/public/amsfonts/cm/cmsy10.pfb></usr/local/texlive/2024/texmf-dist/fonts/type1/public/amsfonts/cm/cmsy6.pfb></usr/local/texlive/2024/texmf-dist/fonts/type1/public/amsfonts/cm/cmsy8.pfb></usr/local/texlive/2024/texmf-dist/fonts/type1/public/amsfonts/latxfont/lcircle1.pfb></usr/local/texlive/2024/texmf-dist/fonts/type1/public/amsfonts/symbols/msam7.pfb></usr/local/texlive/2024/texmf-dist/fonts/type1/public/txfonts/rtcxr.pfb></usr/local/texlive/2024/texmf-dist/fonts/type1/public/txfonts/rtxb.pfb></usr/local/texlive/2024/texmf-dist/fonts/type1/public/txfonts/rtxbmi.pfb></usr/local/texlive/2024/texmf-dist/fonts/type1/public/txfonts/rtxmi.pfb></usr/local/texlive/2024/texmf-dist/fonts/type1/public/txfonts/rtxr.pfb></usr/local/texlive/2024/texmf-dist/fonts/type1/public/cm-super/sfrm0600.pfb></usr/local/texlive/2024/texmf-dist/fonts/type1/public/cm-super/sfrm1200.pfb></usr/local/texlive/2024/texmf-dist/fonts/type1/public/txfonts/t1xbtt.pfb></usr/local/texlive/2024/texmf-dist/fonts/type1/public/txfonts/t1xtt.pfb></usr/local/texlive/2024/texmf-dist/fonts/type1/public/txfonts/tcxtt.pfb></usr/local/texlive/2024/texmf-dist/fonts/type1/public/txfonts/txbsy.pfb></usr/local/texlive/2024/texmf-dist/fonts/type1/public/txfonts/txex.pfb></usr/local/texlive/2024/texmf-dist/fonts/type1/public/txfonts/txexa.pfb></usr/local/texlive/2024/texmf-dist/fonts/type1/public/txfonts/txsy.pfb></usr/local/texlive/2024/texmf-dist/fonts/type1/public/txfonts/txsyb.pfb></usr/local/texlive/2024/texmf-dist/fonts/type1/public/txfonts/txsyc.pfb></usr/local/texlive/2024/texmf-dist/fonts/type1/urw/times/utmb8a.pfb></usr/local/texlive/2024/texmf-dist/fonts/type1/urw/times/utmbi8a.pfb></usr/local/texlive/2024/texmf-dist/fonts/type1/urw/times/utmr8a.pfb></usr/local/texlive/2024/texmf-dist/fonts/type1/urw/times/utmr8a.pfb></usr/local/texlive/2024/texmf-dist/fonts/type1/urw/times/utmri8a.pfb>
Output written on regelungstechnik_4.pdf (20 pages, 2033233 bytes).
PDF statistics:
 2127 PDF objects out of 2487 (max. 8388607)
 1732 compressed objects within 18 object streams
 535 named destinations out of 1000 (max. 500000)
 1137 words of extra memory for PDF output out of 10000 (max. 10000000)

