This is pdfTeX, Version 3.141592653-2.6-1.40.26 (TeX Live 2024) (preloaded format=pdflatex 2024.11.20)  22 JAN 2026 17:19
entering extended mode
 restricted \write18 enabled.
 file:line:error style messages enabled.
 %&-line parsing enabled.
**/Users/gianmarconaf/Documents/Gian_Marco/Studium/zusammenfassungen/Zusammenfassungen/leitEl/zusammenfassung.tex
(/Users/gianmarconaf/Documents/Gian_Marco/Studium/zusammenfassungen/Zusammenfassungen/leitEl/zusammenfassung.tex
LaTeX2e <2023-11-01> patch level 1
L3 programming layer <2024-02-20>
(/usr/local/texlive/2024/texmf-dist/tex/latex/extsizes/extarticle.cls
Document Class: extarticle 1996/10/08 v1.0 Non Standard LaTeX document class
(/usr/local/texlive/2024/texmf-dist/tex/latex/extsizes/size8.clo
File: size8.clo 1999/11/11 v1.4a NON-Standard LaTeX file (size option)
) (/usr/local/texlive/2024/texmf-dist/tex/latex/base/exscale.sty
Package: exscale 2018/09/24 v2.1i Standard LaTeX package exscale
LaTeX Font Info:    Redeclaring symbol font `largesymbols' on input line 57.
LaTeX Font Info:    Overwriting symbol font `largesymbols' in version `normal'
(Font)                  OMX/cmex/m/n --> OMX/cmex/m/n on input line 57.
LaTeX Font Info:    Overwriting symbol font `largesymbols' in version `bold'
(Font)                  OMX/cmex/m/n --> OMX/cmex/m/n on input line 57.
\big@size=\dimen140
)
\c@part=\count188
\c@section=\count189
\c@subsection=\count190
\c@subsubsection=\count191
\c@paragraph=\count192
\c@subparagraph=\count193
\c@figure=\count194
\c@table=\count195
\abovecaptionskip=\skip48
\belowcaptionskip=\skip49
\bibindent=\dimen141
) (./preamble.tex (/usr/local/texlive/2024/texmf-dist/tex/latex/base/inputenc.sty
Package: inputenc 2021/02/14 v1.3d Input encoding file
\inpenc@prehook=\toks17
\inpenc@posthook=\toks18
) (/usr/local/texlive/2024/texmf-dist/tex/latex/base/fontenc.sty
Package: fontenc 2021/04/29 v2.0v Standard LaTeX package
) (/usr/local/texlive/2024/texmf-dist/tex/latex/base/textcomp.sty
Package: textcomp 2020/02/02 v2.0n Standard LaTeX package
) (/usr/local/texlive/2024/texmf-dist/tex/latex/psnfss/times.sty
Package: times 2020/03/25 PSNFSS-v9.3 (SPQR) 
) (/usr/local/texlive/2024/texmf-dist/tex/latex/inconsolata/inconsolata.sty
Package: inconsolata 2019/05/17 v1.12
 `inconsolata-zi4' v1.12, 2019/05/17 Text macros for Inconsolata (msharpe) (/usr/local/texlive/2024/texmf-dist/tex/latex/xkeyval/xkeyval.sty
Package: xkeyval 2022/06/16 v2.9 package option processing (HA)
 (/usr/local/texlive/2024/texmf-dist/tex/generic/xkeyval/xkeyval.tex (/usr/local/texlive/2024/texmf-dist/tex/generic/xkeyval/xkvutils.tex
\XKV@toks=\toks19
\XKV@tempa@toks=\toks20
 (/usr/local/texlive/2024/texmf-dist/tex/generic/xkeyval/keyval.tex))
\XKV@depth=\count196
File: xkeyval.tex 2014/12/03 v2.7a key=value parser (HA)
))
\zifour@ocount=\count197
) (/usr/local/texlive/2024/texmf-dist/tex/generic/babel/babel.sty
Package: babel 2024/02/07 v24.2 The Babel package
\babel@savecnt=\count198
\U@D=\dimen142
\l@unhyphenated=\language89
 (/usr/local/texlive/2024/texmf-dist/tex/generic/babel/txtbabel.def)
\bbl@readstream=\read2
\bbl@dirlevel=\count199
Package babel Info: Main language set with 'main='. Except if you have
(babel)             problems, prefer the default mechanism for setting
(babel)             the main language, ie, as the last declared.
(babel)             Reported on input line 4169.
 (/usr/local/texlive/2024/texmf-dist/tex/generic/babel-german/ngerman.ldf
Language: ngerman 2024/01/19 v2.14 German support for babel (post-1996 orthography)
 (/usr/local/texlive/2024/texmf-dist/tex/generic/babel-german/ngermanb.ldf
Language: ngermanb 2024/01/19 v2.14 German support for babel (post-1996 orthography)
Package babel Info: Making " an active character on input line 122.
))) (/usr/local/texlive/2024/texmf-dist/tex/generic/babel/locale/de/babel-ngerman.tex
Package babel Info: Importing font and identification data for ngerman
(babel)             from babel-de.ini. Reported on input line 11.
) (/usr/local/texlive/2024/texmf-dist/tex/latex/tools/multicol.sty
Package: multicol 2023/03/30 v1.9f multicolumn formatting (FMi)
\c@tracingmulticols=\count266
\mult@box=\box51
\multicol@leftmargin=\dimen143
\c@unbalance=\count267
\c@collectmore=\count268
\doublecol@number=\count269
\multicoltolerance=\count270
\multicolpretolerance=\count271
\full@width=\dimen144
\page@free=\dimen145
\premulticols=\dimen146
\postmulticols=\dimen147
\multicolsep=\skip50
\multicolbaselineskip=\skip51
\partial@page=\box52
\last@line=\box53
\mc@boxedresult=\box54
\maxbalancingoverflow=\dimen148
\mult@rightbox=\box55
\mult@grightbox=\box56
\mult@firstbox=\box57
\mult@gfirstbox=\box58
\@tempa=\box59
\@tempa=\box60
\@tempa=\box61
\@tempa=\box62
\@tempa=\box63
\@tempa=\box64
\@tempa=\box65
\@tempa=\box66
\@tempa=\box67
\@tempa=\box68
\@tempa=\box69
\@tempa=\box70
\@tempa=\box71
\@tempa=\box72
\@tempa=\box73
\@tempa=\box74
\@tempa=\box75
\@tempa=\box76
\@tempa=\box77
\@tempa=\box78
\@tempa=\box79
\@tempa=\box80
\@tempa=\box81
\@tempa=\box82
\@tempa=\box83
\@tempa=\box84
\@tempa=\box85
\@tempa=\box86
\@tempa=\box87
\@tempa=\box88
\@tempa=\box89
\@tempa=\box90
\@tempa=\box91
\@tempa=\box92
\@tempa=\box93
\@tempa=\box94
\c@minrows=\count272
\c@columnbadness=\count273
\c@finalcolumnbadness=\count274
\last@try=\dimen149
\multicolovershoot=\dimen150
\multicolundershoot=\dimen151
\mult@nat@firstbox=\box95
\colbreak@box=\box96
\mc@col@check@num=\count275
) (/usr/local/texlive/2024/texmf-dist/tex/latex/geometry/geometry.sty
Package: geometry 2020/01/02 v5.9 Page Geometry
 (/usr/local/texlive/2024/texmf-dist/tex/generic/iftex/ifvtex.sty
Package: ifvtex 2019/10/25 v1.7 ifvtex legacy package. Use iftex instead.
 (/usr/local/texlive/2024/texmf-dist/tex/generic/iftex/iftex.sty
Package: iftex 2022/02/03 v1.0f TeX engine tests
))
\Gm@cnth=\count276
\Gm@cntv=\count277
\c@Gm@tempcnt=\count278
\Gm@bindingoffset=\dimen152
\Gm@wd@mp=\dimen153
\Gm@odd@mp=\dimen154
\Gm@even@mp=\dimen155
\Gm@layoutwidth=\dimen156
\Gm@layoutheight=\dimen157
\Gm@layouthoffset=\dimen158
\Gm@layoutvoffset=\dimen159
\Gm@dimlist=\toks21
) (/usr/local/texlive/2024/texmf-dist/tex/latex/enumitem/enumitem.sty
Package: enumitem 2019/06/20 v3.9 Customized lists
\enitkv@toks@=\toks22
\labelindent=\skip52
\enit@outerparindent=\dimen160
\enit@toks=\toks23
\enit@inbox=\box97
\enit@count@id=\count279
\enitdp@description=\count280
) (/usr/local/texlive/2024/texmf-dist/tex/latex/outlines/outlines.sty
Package: outlines 2012/1/23 1.1 Ch. Pecheur
 (/usr/local/texlive/2024/texmf-dist/tex/latex/base/ifthen.sty
Package: ifthen 2022/04/13 v1.1d Standard LaTeX ifthen package (DPC)
)) (/usr/local/texlive/2024/texmf-dist/tex/latex/tools/tabularx.sty
Package: tabularx 2023/07/08 v2.11c `tabularx' package (DPC)
 (/usr/local/texlive/2024/texmf-dist/tex/latex/tools/array.sty
Package: array 2023/10/16 v2.5g Tabular extension package (FMi)
\col@sep=\dimen161
\ar@mcellbox=\box98
\extrarowheight=\dimen162
\NC@list=\toks24
\extratabsurround=\skip53
\backup@length=\skip54
\ar@cellbox=\box99
)
\TX@col@width=\dimen163
\TX@old@table=\dimen164
\TX@old@col=\dimen165
\TX@target=\dimen166
\TX@delta=\dimen167
\TX@cols=\count281
\TX@ftn=\toks25
) (/usr/local/texlive/2024/texmf-dist/tex/latex/tabu/tabu.sty
Package: tabu 2019/01/11 v2.9 - flexible LaTeX tabulars (FC+tabu-fixed)
 (/usr/local/texlive/2024/texmf-dist/tex/latex/varwidth/varwidth.sty
Package: varwidth 2009/03/30 ver 0.92;  Variable-width minipages
\@vwid@box=\box100
\sift@deathcycles=\count282
\@vwid@loff=\dimen168
\@vwid@roff=\dimen169
)
\c@taburow=\count283
\tabu@nbcols=\count284
\tabu@cnt=\count285
\tabu@Xcol=\count286
\tabu@alloc=\count287
\tabu@nested=\count288
\tabu@target=\dimen170
\tabu@spreadtarget=\dimen171
\tabu@naturalX=\dimen172
\tabucolX=\dimen173
\tabu@Xsum=\dimen174
\extrarowdepth=\dimen175
\abovetabulinesep=\dimen176
\belowtabulinesep=\dimen177
\tabustrutrule=\dimen178
\tabu@thebody=\toks26
\tabu@footnotes=\toks27
\tabu@box=\box101
\tabu@arstrutbox=\box102
\tabu@hleads=\box103
\tabu@vleads=\box104
\tabu@cellskip=\skip55
) (/usr/local/texlive/2024/texmf-dist/tex/latex/tools/hhline.sty
Package: hhline 2020/01/04 v2.04 Table rule package (DPC)
) (/usr/local/texlive/2024/texmf-dist/tex/latex/booktabs/booktabs.sty
Package: booktabs 2020/01/12 v1.61803398 Publication quality tables
\heavyrulewidth=\dimen179
\lightrulewidth=\dimen180
\cmidrulewidth=\dimen181
\belowrulesep=\dimen182
\belowbottomsep=\dimen183
\aboverulesep=\dimen184
\abovetopsep=\dimen185
\cmidrulesep=\dimen186
\cmidrulekern=\dimen187
\defaultaddspace=\dimen188
\@cmidla=\count289
\@cmidlb=\count290
\@aboverulesep=\dimen189
\@belowrulesep=\dimen190
\@thisruleclass=\count291
\@lastruleclass=\count292
\@thisrulewidth=\dimen191
) (/usr/local/texlive/2024/texmf-dist/tex/latex/shipunov/boldline.sty
Package: boldline 2008/02/04 v0.2 Adjust line width in tables


Package array Warning: Column V is already defined on input line 9.

) (/usr/local/texlive/2024/texmf-dist/tex/latex/amsmath/amsmath.sty
Package: amsmath 2023/05/13 v2.17o AMS math features
\@mathmargin=\skip56

For additional information on amsmath, use the `?' option.
(/usr/local/texlive/2024/texmf-dist/tex/latex/amsmath/amstext.sty
Package: amstext 2021/08/26 v2.01 AMS text
 (/usr/local/texlive/2024/texmf-dist/tex/latex/amsmath/amsgen.sty
File: amsgen.sty 1999/11/30 v2.0 generic functions
\@emptytoks=\toks28
\ex@=\dimen192
)) (/usr/local/texlive/2024/texmf-dist/tex/latex/amsmath/amsbsy.sty
Package: amsbsy 1999/11/29 v1.2d Bold Symbols
\pmbraise@=\dimen193
) (/usr/local/texlive/2024/texmf-dist/tex/latex/amsmath/amsopn.sty
Package: amsopn 2022/04/08 v2.04 operator names
)
\inf@bad=\count293
LaTeX Info: Redefining \frac on input line 234.
\uproot@=\count294
\leftroot@=\count295
LaTeX Info: Redefining \overline on input line 399.
LaTeX Info: Redefining \colon on input line 410.
\classnum@=\count296
\DOTSCASE@=\count297
LaTeX Info: Redefining \ldots on input line 496.
LaTeX Info: Redefining \dots on input line 499.
LaTeX Info: Redefining \cdots on input line 620.
\Mathstrutbox@=\box105
\strutbox@=\box106
LaTeX Info: Redefining \big on input line 722.
LaTeX Info: Redefining \Big on input line 723.
LaTeX Info: Redefining \bigg on input line 724.
LaTeX Info: Redefining \Bigg on input line 725.
\big@size=\dimen194
LaTeX Font Info:    Redeclaring font encoding OML on input line 743.
LaTeX Font Info:    Redeclaring font encoding OMS on input line 744.
\macc@depth=\count298
LaTeX Info: Redefining \bmod on input line 905.
LaTeX Info: Redefining \pmod on input line 910.
LaTeX Info: Redefining \smash on input line 940.
LaTeX Info: Redefining \relbar on input line 970.
LaTeX Info: Redefining \Relbar on input line 971.
\c@MaxMatrixCols=\count299
\dotsspace@=\muskip16
\c@parentequation=\count300
\dspbrk@lvl=\count301
\tag@help=\toks29
\row@=\count302
\column@=\count303
\maxfields@=\count304
\andhelp@=\toks30
\eqnshift@=\dimen195
\alignsep@=\dimen196
\tagshift@=\dimen197
\tagwidth@=\dimen198
\totwidth@=\dimen199
\lineht@=\dimen256
\@envbody=\toks31
\multlinegap=\skip57
\multlinetaggap=\skip58
\mathdisplay@stack=\toks32
LaTeX Info: Redefining \[ on input line 2953.
LaTeX Info: Redefining \] on input line 2954.
) (/usr/local/texlive/2024/texmf-dist/tex/latex/amsfonts/amssymb.sty
Package: amssymb 2013/01/14 v3.01 AMS font symbols
 (/usr/local/texlive/2024/texmf-dist/tex/latex/amsfonts/amsfonts.sty
Package: amsfonts 2013/01/14 v3.01 Basic AMSFonts support
\symAMSa=\mathgroup4
\symAMSb=\mathgroup5
LaTeX Font Info:    Redeclaring math symbol \hbar on input line 98.
LaTeX Font Info:    Overwriting math alphabet `\mathfrak' in version `bold'
(Font)                  U/euf/m/n --> U/euf/b/n on input line 106.
)) (/usr/local/texlive/2024/texmf-dist/tex/latex/mathtools/mathtools.sty
Package: mathtools 2024/03/11 v1.30 mathematical typesetting tools
 (/usr/local/texlive/2024/texmf-dist/tex/latex/tools/calc.sty
Package: calc 2023/07/08 v4.3 Infix arithmetic (KKT,FJ)
\calc@Acount=\count305
\calc@Bcount=\count306
\calc@Adimen=\dimen257
\calc@Bdimen=\dimen258
\calc@Askip=\skip59
\calc@Bskip=\skip60
LaTeX Info: Redefining \setlength on input line 80.
LaTeX Info: Redefining \addtolength on input line 81.
\calc@Ccount=\count307
\calc@Cskip=\skip61
) (/usr/local/texlive/2024/texmf-dist/tex/latex/mathtools/mhsetup.sty
Package: mhsetup 2021/03/18 v1.4 programming setup (MH)
)
\g_MT_multlinerow_int=\count308
\l_MT_multwidth_dim=\dimen259
\origjot=\skip62
\l_MT_shortvdotswithinadjustabove_dim=\dimen260
\l_MT_shortvdotswithinadjustbelow_dim=\dimen261
\l_MT_above_intertext_sep=\dimen262
\l_MT_below_intertext_sep=\dimen263
\l_MT_above_shortintertext_sep=\dimen264
\l_MT_below_shortintertext_sep=\dimen265
\xmathstrut@box=\box107
\xmathstrut@dim=\dimen266
) (/usr/local/texlive/2024/texmf-dist/tex/latex/txfonts/txfonts.sty
Package: txfonts 2008/01/22 v3.2.1
LaTeX Font Info:    Redeclaring symbol font `operators' on input line 21.
LaTeX Font Info:    Overwriting symbol font `operators' in version `normal'
(Font)                  OT1/cmr/m/n --> OT1/txr/m/n on input line 21.
LaTeX Font Info:    Overwriting symbol font `operators' in version `bold'
(Font)                  OT1/cmr/bx/n --> OT1/txr/m/n on input line 21.
LaTeX Font Info:    Overwriting symbol font `operators' in version `bold'
(Font)                  OT1/txr/m/n --> OT1/txr/bx/n on input line 22.
\symitalic=\mathgroup6
LaTeX Font Info:    Overwriting symbol font `italic' in version `bold'
(Font)                  OT1/txr/m/it --> OT1/txr/bx/it on input line 26.
LaTeX Font Info:    Redeclaring math alphabet \mathbf on input line 29.
LaTeX Font Info:    Overwriting math alphabet `\mathbf' in version `normal'
(Font)                  OT1/cmr/bx/n --> OT1/txr/bx/n on input line 29.
LaTeX Font Info:    Overwriting math alphabet `\mathbf' in version `bold'
(Font)                  OT1/cmr/bx/n --> OT1/txr/bx/n on input line 29.
LaTeX Font Info:    Redeclaring math alphabet \mathit on input line 30.
LaTeX Font Info:    Overwriting math alphabet `\mathit' in version `normal'
(Font)                  OT1/cmr/m/it --> OT1/txr/m/it on input line 30.
LaTeX Font Info:    Overwriting math alphabet `\mathit' in version `bold'
(Font)                  OT1/cmr/bx/it --> OT1/txr/m/it on input line 30.
LaTeX Font Info:    Overwriting math alphabet `\mathit' in version `bold'
(Font)                  OT1/txr/m/it --> OT1/txr/bx/it on input line 31.
LaTeX Font Info:    Redeclaring math alphabet \mathsf on input line 40.
LaTeX Font Info:    Overwriting math alphabet `\mathsf' in version `normal'
(Font)                  OT1/cmss/m/n --> OT1/txss/m/n on input line 40.
LaTeX Font Info:    Overwriting math alphabet `\mathsf' in version `bold'
(Font)                  OT1/cmss/bx/n --> OT1/txss/m/n on input line 40.
LaTeX Font Info:    Overwriting math alphabet `\mathsf' in version `bold'
(Font)                  OT1/txss/m/n --> OT1/txss/b/n on input line 41.
LaTeX Font Info:    Redeclaring math alphabet \mathtt on input line 50.
LaTeX Font Info:    Overwriting math alphabet `\mathtt' in version `normal'
(Font)                  OT1/cmtt/m/n --> OT1/txtt/m/n on input line 50.
LaTeX Font Info:    Overwriting math alphabet `\mathtt' in version `bold'
(Font)                  OT1/cmtt/m/n --> OT1/txtt/m/n on input line 50.
LaTeX Font Info:    Overwriting math alphabet `\mathtt' in version `bold'
(Font)                  OT1/txtt/m/n --> OT1/txtt/b/n on input line 51.
LaTeX Font Info:    Redeclaring symbol font `letters' on input line 58.
LaTeX Font Info:    Overwriting symbol font `letters' in version `normal'
(Font)                  OML/cmm/m/it --> OML/txmi/m/it on input line 58.
LaTeX Font Info:    Overwriting symbol font `letters' in version `bold'
(Font)                  OML/cmm/b/it --> OML/txmi/m/it on input line 58.
LaTeX Font Info:    Overwriting symbol font `letters' in version `bold'
(Font)                  OML/txmi/m/it --> OML/txmi/bx/it on input line 59.
\symlettersA=\mathgroup7
LaTeX Font Info:    Overwriting symbol font `lettersA' in version `bold'
(Font)                  U/txmia/m/it --> U/txmia/bx/it on input line 67.
LaTeX Font Info:    Redeclaring math alphabet \mathfrak on input line 70.
LaTeX Font Info:    Redeclaring symbol font `symbols' on input line 77.
LaTeX Font Info:    Overwriting symbol font `symbols' in version `normal'
(Font)                  OMS/cmsy/m/n --> OMS/txsy/m/n on input line 77.
LaTeX Font Info:    Overwriting symbol font `symbols' in version `bold'
(Font)                  OMS/cmsy/b/n --> OMS/txsy/m/n on input line 77.
LaTeX Font Info:    Overwriting symbol font `symbols' in version `bold'
(Font)                  OMS/txsy/m/n --> OMS/txsy/bx/n on input line 78.
LaTeX Font Info:    Redeclaring symbol font `AMSa' on input line 93.
LaTeX Font Info:    Overwriting symbol font `AMSa' in version `normal'
(Font)                  U/msa/m/n --> U/txsya/m/n on input line 93.
LaTeX Font Info:    Overwriting symbol font `AMSa' in version `bold'
(Font)                  U/msa/m/n --> U/txsya/m/n on input line 93.
LaTeX Font Info:    Overwriting symbol font `AMSa' in version `bold'
(Font)                  U/txsya/m/n --> U/txsya/bx/n on input line 94.
LaTeX Font Info:    Redeclaring symbol font `AMSb' on input line 102.
LaTeX Font Info:    Overwriting symbol font `AMSb' in version `normal'
(Font)                  U/msb/m/n --> U/txsyb/m/n on input line 102.
LaTeX Font Info:    Overwriting symbol font `AMSb' in version `bold'
(Font)                  U/msb/m/n --> U/txsyb/m/n on input line 102.
LaTeX Font Info:    Overwriting symbol font `AMSb' in version `bold'
(Font)                  U/txsyb/m/n --> U/txsyb/bx/n on input line 103.
\symsymbolsC=\mathgroup8
LaTeX Font Info:    Overwriting symbol font `symbolsC' in version `bold'
(Font)                  U/txsyc/m/n --> U/txsyc/bx/n on input line 113.
LaTeX Font Info:    Redeclaring symbol font `largesymbols' on input line 120.
LaTeX Font Info:    Overwriting symbol font `largesymbols' in version `normal'
(Font)                  OMX/cmex/m/n --> OMX/txex/m/n on input line 120.
LaTeX Font Info:    Overwriting symbol font `largesymbols' in version `bold'
(Font)                  OMX/cmex/m/n --> OMX/txex/m/n on input line 120.
LaTeX Font Info:    Overwriting symbol font `largesymbols' in version `bold'
(Font)                  OMX/txex/m/n --> OMX/txex/bx/n on input line 121.
\symlargesymbolsA=\mathgroup9
LaTeX Font Info:    Overwriting symbol font `largesymbolsA' in version `bold'
(Font)                  U/txexa/m/n --> U/txexa/bx/n on input line 129.
LaTeX Font Info:    Redeclaring math symbol \mathsterling on input line 164.
LaTeX Info: Redefining \not on input line 1043.
) (/usr/local/texlive/2024/texmf-dist/tex/latex/siunits/SIunits.sty
Package: SIunits 2007/12/02 v1.36 Support for the International System of units (MH)


\@qskwidth=\skip63
LaTeX Font Info:    Redeclaring font encoding TS1 on input line 46.
\symgreek=\mathgroup10
(/usr/local/texlive/2024/texmf-dist/tex/latex/siunits/SIunits.cfg)
Option `squaren' provided!
) (/usr/local/texlive/2024/texmf-dist/tex/latex/tools/bm.sty
Package: bm 2023/07/08 v1.2f Bold Symbol Support (DPC/FMi)
\symboldoperators=\mathgroup11
\symboldletters=\mathgroup12
\symboldsymbols=\mathgroup13
\symboldlargesymbols=\mathgroup14
Package bm Info: No bold for \OML/eur/m/n, using \pmb.
LaTeX Font Info:    Redeclaring math alphabet \mathbf on input line 149.
) (/usr/local/texlive/2024/texmf-dist/tex/latex/trfsigns/trfsigns.sty
Package: trfsigns 
) (/usr/local/texlive/2024/texmf-dist/tex/latex/jknapltx/mathrsfs.sty
Package: mathrsfs 1996/01/01 Math RSFS package v1.0 (jk)
\symrsfs=\mathgroup15
) (/usr/local/texlive/2024/texmf-dist/tex/latex/graphics/graphicx.sty
Package: graphicx 2021/09/16 v1.2d Enhanced LaTeX Graphics (DPC,SPQR)
 (/usr/local/texlive/2024/texmf-dist/tex/latex/graphics/graphics.sty
Package: graphics 2022/03/10 v1.4e Standard LaTeX Graphics (DPC,SPQR)
 (/usr/local/texlive/2024/texmf-dist/tex/latex/graphics/trig.sty
Package: trig 2021/08/11 v1.11 sin cos tan (DPC)
) (/usr/local/texlive/2024/texmf-dist/tex/latex/graphics-cfg/graphics.cfg
File: graphics.cfg 2016/06/04 v1.11 sample graphics configuration
)
Package graphics Info: Driver file: pdftex.def on input line 107.
 (/usr/local/texlive/2024/texmf-dist/tex/latex/graphics-def/pdftex.def
File: pdftex.def 2022/09/22 v1.2b Graphics/color driver for pdftex
))
\Gin@req@height=\dimen267
\Gin@req@width=\dimen268
) (/usr/local/texlive/2024/texmf-dist/tex/latex/graphbox/graphbox.sty
Package: graphbox 2018/01/17 v1.1 extension for graphicx to adjust containing box
\Gin@box@box=\box108
\Gin@box@width=\skip64
\Gin@box@height=\skip65
\Gin@box@raise=\skip66
\Gin@box@hspace=\skip67
\Gin@box@bwidth=\skip68
\Gin@box@bheight=\skip69
) (/usr/local/texlive/2024/texmf-dist/tex/latex/scalerel/scalerel.sty
Package: scalerel 2016/12/29 v1.8 Routines for constrained scaling and stretching of objects, relative to a reference object or in absolute terms
 (/usr/local/texlive/2024/texmf-dist/tex/latex/etoolbox/etoolbox.sty
Package: etoolbox 2020/10/05 v2.5k e-TeX tools for LaTeX (JAW)
\etb@tempcnta=\count309
)
\thesrwidth=\skip70
\thesrheight=\skip71
\srblobheight=\skip72
\srblobdepth=\skip73
\mnxsrwidth=\skip74
\LMex=\skip75
\LMpt=\skip76
) (/usr/local/texlive/2024/texmf-dist/tex/latex/anyfontsize/anyfontsize.sty
Package: anyfontsize 2007/11/22 anyfontsize.sty by pts
) (/usr/local/texlive/2024/texmf-dist/tex/latex/xcolor/xcolor.sty
Package: xcolor 2023/11/15 v3.01 LaTeX color extensions (UK)
 (/usr/local/texlive/2024/texmf-dist/tex/latex/graphics-cfg/color.cfg
File: color.cfg 2016/01/02 v1.6 sample color configuration
)
Package xcolor Info: Driver file: pdftex.def on input line 274.
 (/usr/local/texlive/2024/texmf-dist/tex/latex/graphics/mathcolor.ltx)
Package xcolor Info: Model `cmy' substituted by `cmy0' on input line 1350.
Package xcolor Info: Model `hsb' substituted by `rgb' on input line 1354.
Package xcolor Info: Model `RGB' extended on input line 1366.
Package xcolor Info: Model `HTML' substituted by `rgb' on input line 1368.
Package xcolor Info: Model `Hsb' substituted by `hsb' on input line 1369.
Package xcolor Info: Model `tHsb' substituted by `hsb' on input line 1370.
Package xcolor Info: Model `HSB' substituted by `hsb' on input line 1371.
Package xcolor Info: Model `Gray' substituted by `gray' on input line 1372.
Package xcolor Info: Model `wave' substituted by `hsb' on input line 1373.
) (/usr/local/texlive/2024/texmf-dist/tex/latex/colortbl/colortbl.sty
Package: colortbl 2024/02/20 v1.0g Color table columns (DPC)
\everycr=\toks33
\minrowclearance=\skip77
\rownum=\count310
) (/usr/local/texlive/2024/texmf-dist/tex/latex/tcolorbox/tcolorbox.sty
Package: tcolorbox 2024/01/10 version 6.2.0 text color boxes
 (/usr/local/texlive/2024/texmf-dist/tex/latex/pgf/basiclayer/pgf.sty (/usr/local/texlive/2024/texmf-dist/tex/latex/pgf/utilities/pgfrcs.sty (/usr/local/texlive/2024/texmf-dist/tex/generic/pgf/utilities/pgfutil-common.tex
\pgfutil@everybye=\toks34
\pgfutil@tempdima=\dimen269
\pgfutil@tempdimb=\dimen270
) (/usr/local/texlive/2024/texmf-dist/tex/generic/pgf/utilities/pgfutil-latex.def
\pgfutil@abb=\box109
) (/usr/local/texlive/2024/texmf-dist/tex/generic/pgf/utilities/pgfrcs.code.tex (/usr/local/texlive/2024/texmf-dist/tex/generic/pgf/pgf.revision.tex)
Package: pgfrcs 2023-01-15 v3.1.10 (3.1.10)
))
Package: pgf 2023-01-15 v3.1.10 (3.1.10)
 (/usr/local/texlive/2024/texmf-dist/tex/latex/pgf/basiclayer/pgfcore.sty (/usr/local/texlive/2024/texmf-dist/tex/latex/pgf/systemlayer/pgfsys.sty (/usr/local/texlive/2024/texmf-dist/tex/generic/pgf/systemlayer/pgfsys.code.tex
Package: pgfsys 2023-01-15 v3.1.10 (3.1.10)
 (/usr/local/texlive/2024/texmf-dist/tex/generic/pgf/utilities/pgfkeys.code.tex
\pgfkeys@pathtoks=\toks35
\pgfkeys@temptoks=\toks36
 (/usr/local/texlive/2024/texmf-dist/tex/generic/pgf/utilities/pgfkeyslibraryfiltered.code.tex
\pgfkeys@tmptoks=\toks37
))
\pgf@x=\dimen271
\pgf@y=\dimen272
\pgf@xa=\dimen273
\pgf@ya=\dimen274
\pgf@xb=\dimen275
\pgf@yb=\dimen276
\pgf@xc=\dimen277
\pgf@yc=\dimen278
\pgf@xd=\dimen279
\pgf@yd=\dimen280
\w@pgf@writea=\write3
\r@pgf@reada=\read3
\c@pgf@counta=\count311
\c@pgf@countb=\count312
\c@pgf@countc=\count313
\c@pgf@countd=\count314
\t@pgf@toka=\toks38
\t@pgf@tokb=\toks39
\t@pgf@tokc=\toks40
\pgf@sys@id@count=\count315
 (/usr/local/texlive/2024/texmf-dist/tex/generic/pgf/systemlayer/pgf.cfg
File: pgf.cfg 2023-01-15 v3.1.10 (3.1.10)
)
Driver file for pgf: pgfsys-pdftex.def
 (/usr/local/texlive/2024/texmf-dist/tex/generic/pgf/systemlayer/pgfsys-pdftex.def
File: pgfsys-pdftex.def 2023-01-15 v3.1.10 (3.1.10)
 (/usr/local/texlive/2024/texmf-dist/tex/generic/pgf/systemlayer/pgfsys-common-pdf.def
File: pgfsys-common-pdf.def 2023-01-15 v3.1.10 (3.1.10)
))) (/usr/local/texlive/2024/texmf-dist/tex/generic/pgf/systemlayer/pgfsyssoftpath.code.tex
File: pgfsyssoftpath.code.tex 2023-01-15 v3.1.10 (3.1.10)
\pgfsyssoftpath@smallbuffer@items=\count316
\pgfsyssoftpath@bigbuffer@items=\count317
) (/usr/local/texlive/2024/texmf-dist/tex/generic/pgf/systemlayer/pgfsysprotocol.code.tex
File: pgfsysprotocol.code.tex 2023-01-15 v3.1.10 (3.1.10)
)) (/usr/local/texlive/2024/texmf-dist/tex/generic/pgf/basiclayer/pgfcore.code.tex
Package: pgfcore 2023-01-15 v3.1.10 (3.1.10)
 (/usr/local/texlive/2024/texmf-dist/tex/generic/pgf/math/pgfmath.code.tex (/usr/local/texlive/2024/texmf-dist/tex/generic/pgf/math/pgfmathutil.code.tex) (/usr/local/texlive/2024/texmf-dist/tex/generic/pgf/math/pgfmathparser.code.tex
\pgfmath@dimen=\dimen281
\pgfmath@count=\count318
\pgfmath@box=\box110
\pgfmath@toks=\toks41
\pgfmath@stack@operand=\toks42
\pgfmath@stack@operation=\toks43
) (/usr/local/texlive/2024/texmf-dist/tex/generic/pgf/math/pgfmathfunctions.code.tex) (/usr/local/texlive/2024/texmf-dist/tex/generic/pgf/math/pgfmathfunctions.basic.code.tex) (/usr/local/texlive/2024/texmf-dist/tex/generic/pgf/math/pgfmathfunctions.trigonometric.code.tex) (/usr/local/texlive/2024/texmf-dist/tex/generic/pgf/math/pgfmathfunctions.random.code.tex) (/usr/local/texlive/2024/texmf-dist/tex/generic/pgf/math/pgfmathfunctions.comparison.code.tex) (/usr/local/texlive/2024/texmf-dist/tex/generic/pgf/math/pgfmathfunctions.base.code.tex) (/usr/local/texlive/2024/texmf-dist/tex/generic/pgf/math/pgfmathfunctions.round.code.tex) (/usr/local/texlive/2024/texmf-dist/tex/generic/pgf/math/pgfmathfunctions.misc.code.tex) (/usr/local/texlive/2024/texmf-dist/tex/generic/pgf/math/pgfmathfunctions.integerarithmetics.code.tex) (/usr/local/texlive/2024/texmf-dist/tex/generic/pgf/math/pgfmathcalc.code.tex) (/usr/local/texlive/2024/texmf-dist/tex/generic/pgf/math/pgfmathfloat.code.tex
\c@pgfmathroundto@lastzeros=\count319
)) (/usr/local/texlive/2024/texmf-dist/tex/generic/pgf/math/pgfint.code.tex) (/usr/local/texlive/2024/texmf-dist/tex/generic/pgf/basiclayer/pgfcorepoints.code.tex
File: pgfcorepoints.code.tex 2023-01-15 v3.1.10 (3.1.10)
\pgf@picminx=\dimen282
\pgf@picmaxx=\dimen283
\pgf@picminy=\dimen284
\pgf@picmaxy=\dimen285
\pgf@pathminx=\dimen286
\pgf@pathmaxx=\dimen287
\pgf@pathminy=\dimen288
\pgf@pathmaxy=\dimen289
\pgf@xx=\dimen290
\pgf@xy=\dimen291
\pgf@yx=\dimen292
\pgf@yy=\dimen293
\pgf@zx=\dimen294
\pgf@zy=\dimen295
) (/usr/local/texlive/2024/texmf-dist/tex/generic/pgf/basiclayer/pgfcorepathconstruct.code.tex
File: pgfcorepathconstruct.code.tex 2023-01-15 v3.1.10 (3.1.10)
\pgf@path@lastx=\dimen296
\pgf@path@lasty=\dimen297
) (/usr/local/texlive/2024/texmf-dist/tex/generic/pgf/basiclayer/pgfcorepathusage.code.tex
File: pgfcorepathusage.code.tex 2023-01-15 v3.1.10 (3.1.10)
\pgf@shorten@end@additional=\dimen298
\pgf@shorten@start@additional=\dimen299
) (/usr/local/texlive/2024/texmf-dist/tex/generic/pgf/basiclayer/pgfcorescopes.code.tex
File: pgfcorescopes.code.tex 2023-01-15 v3.1.10 (3.1.10)
\pgfpic=\box111
\pgf@hbox=\box112
\pgf@layerbox@main=\box113
\pgf@picture@serial@count=\count320
) (/usr/local/texlive/2024/texmf-dist/tex/generic/pgf/basiclayer/pgfcoregraphicstate.code.tex
File: pgfcoregraphicstate.code.tex 2023-01-15 v3.1.10 (3.1.10)
\pgflinewidth=\dimen300
) (/usr/local/texlive/2024/texmf-dist/tex/generic/pgf/basiclayer/pgfcoretransformations.code.tex
File: pgfcoretransformations.code.tex 2023-01-15 v3.1.10 (3.1.10)
\pgf@pt@x=\dimen301
\pgf@pt@y=\dimen302
\pgf@pt@temp=\dimen303
) (/usr/local/texlive/2024/texmf-dist/tex/generic/pgf/basiclayer/pgfcorequick.code.tex
File: pgfcorequick.code.tex 2023-01-15 v3.1.10 (3.1.10)
) (/usr/local/texlive/2024/texmf-dist/tex/generic/pgf/basiclayer/pgfcoreobjects.code.tex
File: pgfcoreobjects.code.tex 2023-01-15 v3.1.10 (3.1.10)
) (/usr/local/texlive/2024/texmf-dist/tex/generic/pgf/basiclayer/pgfcorepathprocessing.code.tex
File: pgfcorepathprocessing.code.tex 2023-01-15 v3.1.10 (3.1.10)
) (/usr/local/texlive/2024/texmf-dist/tex/generic/pgf/basiclayer/pgfcorearrows.code.tex
File: pgfcorearrows.code.tex 2023-01-15 v3.1.10 (3.1.10)
\pgfarrowsep=\dimen304
) (/usr/local/texlive/2024/texmf-dist/tex/generic/pgf/basiclayer/pgfcoreshade.code.tex
File: pgfcoreshade.code.tex 2023-01-15 v3.1.10 (3.1.10)
\pgf@max=\dimen305
\pgf@sys@shading@range@num=\count321
\pgf@shadingcount=\count322
) (/usr/local/texlive/2024/texmf-dist/tex/generic/pgf/basiclayer/pgfcoreimage.code.tex
File: pgfcoreimage.code.tex 2023-01-15 v3.1.10 (3.1.10)
) (/usr/local/texlive/2024/texmf-dist/tex/generic/pgf/basiclayer/pgfcoreexternal.code.tex
File: pgfcoreexternal.code.tex 2023-01-15 v3.1.10 (3.1.10)
\pgfexternal@startupbox=\box114
) (/usr/local/texlive/2024/texmf-dist/tex/generic/pgf/basiclayer/pgfcorelayers.code.tex
File: pgfcorelayers.code.tex 2023-01-15 v3.1.10 (3.1.10)
) (/usr/local/texlive/2024/texmf-dist/tex/generic/pgf/basiclayer/pgfcoretransparency.code.tex
File: pgfcoretransparency.code.tex 2023-01-15 v3.1.10 (3.1.10)
) (/usr/local/texlive/2024/texmf-dist/tex/generic/pgf/basiclayer/pgfcorepatterns.code.tex
File: pgfcorepatterns.code.tex 2023-01-15 v3.1.10 (3.1.10)
) (/usr/local/texlive/2024/texmf-dist/tex/generic/pgf/basiclayer/pgfcorerdf.code.tex
File: pgfcorerdf.code.tex 2023-01-15 v3.1.10 (3.1.10)
))) (/usr/local/texlive/2024/texmf-dist/tex/generic/pgf/modules/pgfmoduleshapes.code.tex
File: pgfmoduleshapes.code.tex 2023-01-15 v3.1.10 (3.1.10)
\pgfnodeparttextbox=\box115
) (/usr/local/texlive/2024/texmf-dist/tex/generic/pgf/modules/pgfmoduleplot.code.tex
File: pgfmoduleplot.code.tex 2023-01-15 v3.1.10 (3.1.10)
) (/usr/local/texlive/2024/texmf-dist/tex/latex/pgf/compatibility/pgfcomp-version-0-65.sty
Package: pgfcomp-version-0-65 2023-01-15 v3.1.10 (3.1.10)
\pgf@nodesepstart=\dimen306
\pgf@nodesepend=\dimen307
) (/usr/local/texlive/2024/texmf-dist/tex/latex/pgf/compatibility/pgfcomp-version-1-18.sty
Package: pgfcomp-version-1-18 2023-01-15 v3.1.10 (3.1.10)
)) (/usr/local/texlive/2024/texmf-dist/tex/latex/tools/verbatim.sty
Package: verbatim 2023-11-06 v1.5v LaTeX2e package for verbatim enhancements
\every@verbatim=\toks44
\verbatim@line=\toks45
\verbatim@in@stream=\read4
) (/usr/local/texlive/2024/texmf-dist/tex/latex/environ/environ.sty
Package: environ 2014/05/04 v0.3 A new way to define environments
 (/usr/local/texlive/2024/texmf-dist/tex/latex/trimspaces/trimspaces.sty
Package: trimspaces 2009/09/17 v1.1 Trim spaces around a token list
))
\tcb@titlebox=\box116
\tcb@upperbox=\box117
\tcb@lowerbox=\box118
\tcb@phantombox=\box119
\c@tcbbreakpart=\count323
\c@tcblayer=\count324
\c@tcolorbox@number=\count325
\l__tcobox_tmpa_box=\box120
\l__tcobox_tmpa_dim=\dimen308
\tcb@temp=\box121
\tcb@temp=\box122
\tcb@temp=\box123
\tcb@temp=\box124
) (/usr/local/texlive/2024/texmf-dist/tex/latex/contour/contour.sty
Package: contour 2004/11/18 v2.14 Print contoured text (HH, MH)
\con@length=\skip78

Loading configuration file `contour.cfg'.
(/usr/local/texlive/2024/texmf-dist/tex/latex/contour/contour.cfg
File: contour.cfg 2004/11/18 v2.14 Print contoured text (HH, MH)
)
contour: Using driver file `pdftex.cnt'.
(/usr/local/texlive/2024/texmf-dist/tex/latex/contour/pdftex.cnt
File: pdftex.cnt 2004/11/18 v2.14 Print contoured text (HH, MH)
)) (/usr/local/texlive/2024/texmf-dist/tex/generic/ulem/ulem.sty
\UL@box=\box125
\UL@hyphenbox=\box126
\UL@skip=\skip79
\UL@hook=\toks46
\UL@height=\dimen309
\UL@pe=\count326
\UL@pixel=\dimen310
\ULC@box=\box127
Package: ulem 2019/11/18
\ULdepth=\dimen311
) (/usr/local/texlive/2024/texmf-dist/tex/latex/pgf/frontendlayer/tikz.sty (/usr/local/texlive/2024/texmf-dist/tex/latex/pgf/utilities/pgffor.sty (/usr/local/texlive/2024/texmf-dist/tex/latex/pgf/utilities/pgfkeys.sty (/usr/local/texlive/2024/texmf-dist/tex/generic/pgf/utilities/pgfkeys.code.tex)) (/usr/local/texlive/2024/texmf-dist/tex/latex/pgf/math/pgfmath.sty (/usr/local/texlive/2024/texmf-dist/tex/generic/pgf/math/pgfmath.code.tex)) (/usr/local/texlive/2024/texmf-dist/tex/generic/pgf/utilities/pgffor.code.tex
Package: pgffor 2023-01-15 v3.1.10 (3.1.10)
\pgffor@iter=\dimen312
\pgffor@skip=\dimen313
\pgffor@stack=\toks47
\pgffor@toks=\toks48
)) (/usr/local/texlive/2024/texmf-dist/tex/generic/pgf/frontendlayer/tikz/tikz.code.tex
Package: tikz 2023-01-15 v3.1.10 (3.1.10)
 (/usr/local/texlive/2024/texmf-dist/tex/generic/pgf/libraries/pgflibraryplothandlers.code.tex
File: pgflibraryplothandlers.code.tex 2023-01-15 v3.1.10 (3.1.10)
\pgf@plot@mark@count=\count327
\pgfplotmarksize=\dimen314
)
\tikz@lastx=\dimen315
\tikz@lasty=\dimen316
\tikz@lastxsaved=\dimen317
\tikz@lastysaved=\dimen318
\tikz@lastmovetox=\dimen319
\tikz@lastmovetoy=\dimen320
\tikzleveldistance=\dimen321
\tikzsiblingdistance=\dimen322
\tikz@figbox=\box128
\tikz@figbox@bg=\box129
\tikz@tempbox=\box130
\tikz@tempbox@bg=\box131
\tikztreelevel=\count328
\tikznumberofchildren=\count329
\tikznumberofcurrentchild=\count330
\tikz@fig@count=\count331
 (/usr/local/texlive/2024/texmf-dist/tex/generic/pgf/modules/pgfmodulematrix.code.tex
File: pgfmodulematrix.code.tex 2023-01-15 v3.1.10 (3.1.10)
\pgfmatrixcurrentrow=\count332
\pgfmatrixcurrentcolumn=\count333
\pgf@matrix@numberofcolumns=\count334
)
\tikz@expandcount=\count335
 (/usr/local/texlive/2024/texmf-dist/tex/generic/pgf/frontendlayer/tikz/libraries/tikzlibrarytopaths.code.tex
File: tikzlibrarytopaths.code.tex 2023-01-15 v3.1.10 (3.1.10)
))) (/usr/local/texlive/2024/texmf-dist/tex/latex/pgfplots/pgfplots.sty (/usr/local/texlive/2024/texmf-dist/tex/generic/pgfplots/pgfplots.revision.tex)
Package: pgfplots 2021/05/15 v1.18.1 Data Visualization (1.18.1)
 (/usr/local/texlive/2024/texmf-dist/tex/generic/pgfplots/pgfplots.code.tex (/usr/local/texlive/2024/texmf-dist/tex/generic/pgfplots/pgfplotscore.code.tex
\t@pgfplots@toka=\toks49
\t@pgfplots@tokb=\toks50
\t@pgfplots@tokc=\toks51
\pgfplots@tmpa=\dimen323
\c@pgfplots@coordindex=\count336
\c@pgfplots@scanlineindex=\count337
 (/usr/local/texlive/2024/texmf-dist/tex/generic/pgfplots/sys/pgfplotssysgeneric.code.tex)) (/usr/local/texlive/2024/texmf-dist/tex/generic/pgfplots/libs/pgfplotslibrary.code.tex) (/usr/local/texlive/2024/texmf-dist/tex/generic/pgfplots/oldpgfcompatib/pgfplotsoldpgfsupp_loader.code.tex (/usr/local/texlive/2024/texmf-dist/tex/generic/pgf/libraries/pgflibraryfpu.code.tex)
Package pgfplots: loading complementary utilities for your pgf version...
\t@pgf@toka=\toks52
\t@pgf@tokb=\toks53
\t@pgf@tokc=\toks54
(/usr/local/texlive/2024/texmf-dist/tex/generic/pgfplots/oldpgfcompatib/pgfplotsoldpgfsupp_pgfutil-common-lists.tex)) (/usr/local/texlive/2024/texmf-dist/tex/generic/pgfplots/util/pgfplotsutil.code.tex (/usr/local/texlive/2024/texmf-dist/tex/generic/pgfplots/liststructure/pgfplotsliststructure.code.tex) (/usr/local/texlive/2024/texmf-dist/tex/generic/pgfplots/liststructure/pgfplotsliststructureext.code.tex) (/usr/local/texlive/2024/texmf-dist/tex/generic/pgfplots/liststructure/pgfplotsarray.code.tex
\c@pgfplotsarray@tmp=\count338
) (/usr/local/texlive/2024/texmf-dist/tex/generic/pgfplots/liststructure/pgfplotsmatrix.code.tex) (/usr/local/texlive/2024/texmf-dist/tex/generic/pgfplots/numtable/pgfplotstableshared.code.tex
\c@pgfplotstable@counta=\count339
\t@pgfplotstable@a=\toks55
) (/usr/local/texlive/2024/texmf-dist/tex/generic/pgfplots/liststructure/pgfplotsdeque.code.tex) (/usr/local/texlive/2024/texmf-dist/tex/generic/pgfplots/util/pgfplotsbinary.code.tex (/usr/local/texlive/2024/texmf-dist/tex/generic/pgfplots/util/pgfplotsbinary.data.code.tex)) (/usr/local/texlive/2024/texmf-dist/tex/generic/pgfplots/util/pgfplotsutil.verb.code.tex) (/usr/local/texlive/2024/texmf-dist/tex/generic/pgfplots/libs/pgflibrarypgfplots.surfshading.code.tex
\c@pgfplotslibrarysurf@no=\count340
 (/usr/local/texlive/2024/texmf-dist/tex/generic/pgfplots/sys/pgflibrarypgfplots.surfshading.pgfsys-pdftex.def))) (/usr/local/texlive/2024/texmf-dist/tex/generic/pgfplots/util/pgfplotscolormap.code.tex (/usr/local/texlive/2024/texmf-dist/tex/generic/pgfplots/util/pgfplotscolor.code.tex)) (/usr/local/texlive/2024/texmf-dist/tex/generic/pgfplots/pgfplotsstackedplots.code.tex) (/usr/local/texlive/2024/texmf-dist/tex/generic/pgfplots/pgfplotsplothandlers.code.tex (/usr/local/texlive/2024/texmf-dist/tex/generic/pgfplots/pgfplotsmeshplothandler.code.tex (/usr/local/texlive/2024/texmf-dist/tex/generic/pgfplots/pgfplotsmeshplotimage.code.tex))) (/usr/local/texlive/2024/texmf-dist/tex/generic/pgfplots/pgfplots.scaling.code.tex) (/usr/local/texlive/2024/texmf-dist/tex/generic/pgfplots/pgfplotscoordprocessing.code.tex) (/usr/local/texlive/2024/texmf-dist/tex/generic/pgfplots/pgfplots.errorbars.code.tex) (/usr/local/texlive/2024/texmf-dist/tex/generic/pgfplots/pgfplots.markers.code.tex) (/usr/local/texlive/2024/texmf-dist/tex/generic/pgfplots/pgfplotsticks.code.tex) (/usr/local/texlive/2024/texmf-dist/tex/generic/pgfplots/pgfplots.paths.code.tex) (/usr/local/texlive/2024/texmf-dist/tex/generic/pgf/frontendlayer/tikz/libraries/tikzlibrarydecorations.code.tex (/usr/local/texlive/2024/texmf-dist/tex/generic/pgf/modules/pgfmoduledecorations.code.tex
\pgfdecoratedcompleteddistance=\dimen324
\pgfdecoratedremainingdistance=\dimen325
\pgfdecoratedinputsegmentcompleteddistance=\dimen326
\pgfdecoratedinputsegmentremainingdistance=\dimen327
\pgf@decorate@distancetomove=\dimen328
\pgf@decorate@repeatstate=\count341
\pgfdecorationsegmentamplitude=\dimen329
\pgfdecorationsegmentlength=\dimen330
)
\tikz@lib@dec@box=\box132
) (/usr/local/texlive/2024/texmf-dist/tex/generic/pgf/frontendlayer/tikz/libraries/tikzlibrarydecorations.pathmorphing.code.tex (/usr/local/texlive/2024/texmf-dist/tex/generic/pgf/libraries/decorations/pgflibrarydecorations.pathmorphing.code.tex)) (/usr/local/texlive/2024/texmf-dist/tex/generic/pgf/frontendlayer/tikz/libraries/tikzlibrarydecorations.pathreplacing.code.tex (/usr/local/texlive/2024/texmf-dist/tex/generic/pgf/libraries/decorations/pgflibrarydecorations.pathreplacing.code.tex)) (/usr/local/texlive/2024/texmf-dist/tex/generic/pgfplots/libs/tikzlibrarypgfplots.contourlua.code.tex)
\pgfplots@numplots=\count342
\pgfplots@xmin@reg=\dimen331
\pgfplots@xmax@reg=\dimen332
\pgfplots@ymin@reg=\dimen333
\pgfplots@ymax@reg=\dimen334
\pgfplots@zmin@reg=\dimen335
\pgfplots@zmax@reg=\dimen336
) (/usr/local/texlive/2024/texmf-dist/tex/generic/pgf/frontendlayer/tikz/libraries/tikzlibraryplotmarks.code.tex
File: tikzlibraryplotmarks.code.tex 2023-01-15 v3.1.10 (3.1.10)
 (/usr/local/texlive/2024/texmf-dist/tex/generic/pgf/libraries/pgflibraryplotmarks.code.tex
File: pgflibraryplotmarks.code.tex 2023-01-15 v3.1.10 (3.1.10)
))) (/usr/local/texlive/2024/texmf-dist/tex/latex/circuitikz/circuitikz.sty
Package: circuitikz 2024/02/09{} The CircuiTikz circuit drawing package version 1.6.7
 (/usr/local/texlive/2024/texmf-dist/tex/generic/pgf/frontendlayer/tikz/libraries/tikzlibrarycalc.code.tex
File: tikzlibrarycalc.code.tex 2023-01-15 v3.1.10 (3.1.10)
) (/usr/local/texlive/2024/texmf-dist/tex/generic/pgf/libraries/pgflibraryarrows.meta.code.tex
File: pgflibraryarrows.meta.code.tex 2023-01-15 v3.1.10 (3.1.10)
\pgfarrowinset=\dimen337
\pgfarrowlength=\dimen338
\pgfarrowwidth=\dimen339
\pgfarrowlinewidth=\dimen340
) (/usr/local/texlive/2024/texmf-dist/tex/generic/pgf/frontendlayer/tikz/libraries/tikzlibrarybending.code.tex
File: tikzlibrarybending.code.tex 2023-01-15 v3.1.10 (3.1.10)
 (/usr/local/texlive/2024/texmf-dist/tex/generic/pgf/modules/pgfmodulebending.code.tex
File: pgfmodulebending.code.tex 2023-01-15 v3.1.10 (3.1.10)
 (/usr/local/texlive/2024/texmf-dist/tex/generic/pgf/modules/pgfmodulenonlineartransformations.code.tex
File: pgfmodulenonlineartransformations.code.tex 2023-01-15 v3.1.10 (3.1.10)
\pgftransformnonlinearflatness=\dimen341
) (/usr/local/texlive/2024/texmf-dist/tex/generic/pgf/libraries/pgflibrarycurvilinear.code.tex
File: pgflibrarycurvilinear.code.tex 2023-01-15 v3.1.10 (3.1.10)
\pgf@curvilinear@time@a=\dimen342
\pgf@curvilinear@length@a=\dimen343
\pgf@curvilinear@length@b=\dimen344
\pgf@curvilinear@length@c=\dimen345
\pgf@curvilinear@length@d=\dimen346
)
\pgf@arrows@the@rigidity=\dimen347
)) (/usr/local/texlive/2024/texmf-dist/tex/generic/pgf/frontendlayer/tikz/libraries/tikzlibraryfpu.code.tex) (/usr/local/texlive/2024/texmf-dist/tex/generic/circuitikz/pgfcirc.defines.tex
\pgf@circ@count@a=\count343
\pgf@circ@count@b=\count344
\pgf@circ@count@c=\count345
\pgf@circ@res@up=\dimen348
\pgf@circ@res@down=\dimen349
\pgf@circ@res@zero=\dimen350
\pgf@circ@res@left=\dimen351
\pgf@circ@res@right=\dimen352
\pgf@circ@res@other=\dimen353
\pgf@circ@res@step=\dimen354
\pgf@circ@res@temp=\dimen355
\pgf@circ@Rlen=\dimen356
\pgf@circ@scaled@Rlen=\dimen357
\pgfstartlinewidth=\dimen358
) (/usr/local/texlive/2024/texmf-dist/tex/generic/circuitikz/pgfcircutils.tex
\ctikz@scratchbox=\box133
) (/usr/local/texlive/2024/texmf-dist/tex/generic/circuitikz/pgfcircpath.tex) (/usr/local/texlive/2024/texmf-dist/tex/generic/circuitikz/pgfcircshapes.tex) (/usr/local/texlive/2024/texmf-dist/tex/generic/circuitikz/pgfcircmonopoles.tex) (/usr/local/texlive/2024/texmf-dist/tex/generic/circuitikz/pgfcircbipoles.tex) (/usr/local/texlive/2024/texmf-dist/tex/generic/circuitikz/pgfcirctripoles.tex
\pgf@circ@res@count=\count346
) (/usr/local/texlive/2024/texmf-dist/tex/generic/circuitikz/pgfcircquadpoles.tex) (/usr/local/texlive/2024/texmf-dist/tex/generic/circuitikz/pgfcircmultipoles.tex) (/usr/local/texlive/2024/texmf-dist/tex/generic/circuitikz/pgfcirclabel.tex) (/usr/local/texlive/2024/texmf-dist/tex/generic/circuitikz/pgfcircvoltage.tex
\pgfcirc@labelshift=\dimen359
) (/usr/local/texlive/2024/texmf-dist/tex/generic/circuitikz/pgfcirccurrent.tex) (/usr/local/texlive/2024/texmf-dist/tex/generic/circuitikz/pgfcircflow.tex)) (/usr/local/texlive/2024/texmf-dist/tex/latex/listings/listings.sty
\lst@mode=\count347
\lst@gtempboxa=\box134
\lst@token=\toks56
\lst@length=\count348
\lst@currlwidth=\dimen360
\lst@column=\count349
\lst@pos=\count350
\lst@lostspace=\dimen361
\lst@width=\dimen362
\lst@newlines=\count351
\lst@lineno=\count352
\lst@maxwidth=\dimen363
 (/usr/local/texlive/2024/texmf-dist/tex/latex/listings/lstpatch.sty
File: lstpatch.sty 2024/02/21 1.10 (Carsten Heinz)
) (/usr/local/texlive/2024/texmf-dist/tex/latex/listings/lstmisc.sty
File: lstmisc.sty 2024/02/21 1.10 (Carsten Heinz)
\c@lstnumber=\count353
\lst@skipnumbers=\count354
\lst@framebox=\box135
) (/usr/local/texlive/2024/texmf-dist/tex/latex/listings/listings.cfg
File: listings.cfg 2024/02/21 1.10 listings configuration
))
Package: listings 2024/02/21 1.10 (Carsten Heinz)
 (/usr/local/texlive/2024/texmf-dist/tex/latex/hyperref/hyperref.sty
Package: hyperref 2024-01-20 v7.01h Hypertext links for LaTeX
 (/usr/local/texlive/2024/texmf-dist/tex/latex/kvsetkeys/kvsetkeys.sty
Package: kvsetkeys 2022-10-05 v1.19 Key value parser (HO)
) (/usr/local/texlive/2024/texmf-dist/tex/generic/kvdefinekeys/kvdefinekeys.sty
Package: kvdefinekeys 2019-12-19 v1.6 Define keys (HO)
) (/usr/local/texlive/2024/texmf-dist/tex/generic/pdfescape/pdfescape.sty
Package: pdfescape 2019/12/09 v1.15 Implements pdfTeX's escape features (HO)
 (/usr/local/texlive/2024/texmf-dist/tex/generic/ltxcmds/ltxcmds.sty
Package: ltxcmds 2023-12-04 v1.26 LaTeX kernel commands for general use (HO)
) (/usr/local/texlive/2024/texmf-dist/tex/generic/pdftexcmds/pdftexcmds.sty
Package: pdftexcmds 2020-06-27 v0.33 Utility functions of pdfTeX for LuaTeX (HO)
 (/usr/local/texlive/2024/texmf-dist/tex/generic/infwarerr/infwarerr.sty
Package: infwarerr 2019/12/03 v1.5 Providing info/warning/error messages (HO)
)
Package pdftexcmds Info: \pdf@primitive is available.
Package pdftexcmds Info: \pdf@ifprimitive is available.
Package pdftexcmds Info: \pdfdraftmode found.
)) (/usr/local/texlive/2024/texmf-dist/tex/latex/hycolor/hycolor.sty
Package: hycolor 2020-01-27 v1.10 Color options for hyperref/bookmark (HO)
) (/usr/local/texlive/2024/texmf-dist/tex/latex/auxhook/auxhook.sty
Package: auxhook 2019-12-17 v1.6 Hooks for auxiliary files (HO)
) (/usr/local/texlive/2024/texmf-dist/tex/latex/hyperref/nameref.sty
Package: nameref 2023-11-26 v2.56 Cross-referencing by name of section
 (/usr/local/texlive/2024/texmf-dist/tex/latex/refcount/refcount.sty
Package: refcount 2019/12/15 v3.6 Data extraction from label references (HO)
) (/usr/local/texlive/2024/texmf-dist/tex/generic/gettitlestring/gettitlestring.sty
Package: gettitlestring 2019/12/15 v1.6 Cleanup title references (HO)
 (/usr/local/texlive/2024/texmf-dist/tex/latex/kvoptions/kvoptions.sty
Package: kvoptions 2022-06-15 v3.15 Key value format for package options (HO)
))
\c@section@level=\count355
)
\@linkdim=\dimen364
\Hy@linkcounter=\count356
\Hy@pagecounter=\count357
 (/usr/local/texlive/2024/texmf-dist/tex/latex/hyperref/pd1enc.def
File: pd1enc.def 2024-01-20 v7.01h Hyperref: PDFDocEncoding definition (HO)
Now handling font encoding PD1 ...
... no UTF-8 mapping file for font encoding PD1
) (/usr/local/texlive/2024/texmf-dist/tex/generic/intcalc/intcalc.sty
Package: intcalc 2019/12/15 v1.3 Expandable calculations with integers (HO)
)
\Hy@SavedSpaceFactor=\count358
 (/usr/local/texlive/2024/texmf-dist/tex/latex/hyperref/puenc.def
File: puenc.def 2024-01-20 v7.01h Hyperref: PDF Unicode definition (HO)
Now handling font encoding PU ...
... no UTF-8 mapping file for font encoding PU
)
Package hyperref Info: Hyper figures OFF on input line 4179.
Package hyperref Info: Link nesting OFF on input line 4184.
Package hyperref Info: Hyper index ON on input line 4187.
Package hyperref Info: Plain pages OFF on input line 4194.
Package hyperref Info: Backreferencing OFF on input line 4199.
Package hyperref Info: Implicit mode ON; LaTeX internals redefined.
Package hyperref Info: Bookmarks ON on input line 4446.
\c@Hy@tempcnt=\count359
 (/usr/local/texlive/2024/texmf-dist/tex/latex/url/url.sty
\Urlmuskip=\muskip17
Package: url 2013/09/16  ver 3.4  Verb mode for urls, etc.
)
LaTeX Info: Redefining \url on input line 4784.
\XeTeXLinkMargin=\dimen365
 (/usr/local/texlive/2024/texmf-dist/tex/generic/bitset/bitset.sty
Package: bitset 2019/12/09 v1.3 Handle bit-vector datatype (HO)
 (/usr/local/texlive/2024/texmf-dist/tex/generic/bigintcalc/bigintcalc.sty
Package: bigintcalc 2019/12/15 v1.5 Expandable calculations on big integers (HO)
))
\Fld@menulength=\count360
\Field@Width=\dimen366
\Fld@charsize=\dimen367
Package hyperref Info: Hyper figures OFF on input line 6063.
Package hyperref Info: Link nesting OFF on input line 6068.
Package hyperref Info: Hyper index ON on input line 6071.
Package hyperref Info: backreferencing OFF on input line 6078.
Package hyperref Info: Link coloring OFF on input line 6083.
Package hyperref Info: Link coloring with OCG OFF on input line 6088.
Package hyperref Info: PDF/A mode OFF on input line 6093.
 (/usr/local/texlive/2024/texmf-dist/tex/latex/base/atbegshi-ltx.sty
Package: atbegshi-ltx 2021/01/10 v1.0c Emulation of the original atbegshi
package with kernel methods
)
\Hy@abspage=\count361
\c@Item=\count362
\c@Hfootnote=\count363
)
Package hyperref Info: Driver (autodetected): hpdftex.
 (/usr/local/texlive/2024/texmf-dist/tex/latex/hyperref/hpdftex.def
File: hpdftex.def 2024-01-20 v7.01h Hyperref driver for pdfTeX
 (/usr/local/texlive/2024/texmf-dist/tex/latex/base/atveryend-ltx.sty
Package: atveryend-ltx 2020/08/19 v1.0a Emulation of the original atveryend package
with kernel methods
)
\Fld@listcount=\count364
\c@bookmark@seq@number=\count365
 (/usr/local/texlive/2024/texmf-dist/tex/latex/rerunfilecheck/rerunfilecheck.sty
Package: rerunfilecheck 2022-07-10 v1.10 Rerun checks for auxiliary files (HO)
 (/usr/local/texlive/2024/texmf-dist/tex/generic/uniquecounter/uniquecounter.sty
Package: uniquecounter 2019/12/15 v1.4 Provide unlimited unique counter (HO)
)
Package uniquecounter Info: New unique counter `rerunfilecheck' on input line 285.
)
\Hy@SectionHShift=\skip80
) (/usr/local/texlive/2024/texmf-dist/tex/latex/qrcode/qrcode.sty
Package: qrcode 2015/01/08 v1.51 QR code generation
\c@qr@i=\count366
\c@qr@j=\count367
\qr@a=\count368
\qr@b=\count369
\qr@c=\count370
\qr@for@depth=\count371
\qr@for@maxdepth=\count372
\qr@for@start=\count373
\qr@for@end=\count374
\qr@for@step=\count375
\qr@newforcount=\count376
\qr@newforcount=\count377
\qr@desiredheight=\skip81
\qr@modulesize=\skip82
\qr@minipagewidth=\skip83
\c@maski=\count378
\c@maskj=\count379
\c@totalones=\count380
\c@penaltyi=\count381
\c@penaltyii=\count382
\c@penaltyiii=\count383
\c@penaltyiv=\count384
\c@qr@hexchars=\count385
\qr@newforcount=\count386
\c@qr@divisionsremaining=\count387
) (/usr/local/texlive/2024/texmf-dist/tex/latex/draftwatermark/draftwatermark.sty
Package: draftwatermark 2024/03/04 3.3 Put a gray textual watermark on document pages
) (/usr/local/texlive/2024/texmf-dist/tex/latex/fancyhdr/fancyhdr.sty
Package: fancyhdr 2022/11/09 v4.1 Extensive control of page headers and footers
\f@nch@headwidth=\skip84
\f@nch@O@elh=\skip85
\f@nch@O@erh=\skip86
\f@nch@O@olh=\skip87
\f@nch@O@orh=\skip88
\f@nch@O@elf=\skip89
\f@nch@O@erf=\skip90
\f@nch@O@olf=\skip91
\f@nch@O@orf=\skip92
) (/usr/local/texlive/2024/texmf-dist/tex/latex/titlesec/titlesec.sty
Package: titlesec 2023/10/27 v2.16 Sectioning titles
\ttl@box=\box136
\beforetitleunit=\skip93
\aftertitleunit=\skip94
\ttl@plus=\dimen368
\ttl@minus=\dimen369
\ttl@toksa=\toks57
\titlewidth=\dimen370
\titlewidthlast=\dimen371
\titlewidthfirst=\dimen372
) (/usr/local/texlive/2024/texmf-dist/tex/latex/datetime2/datetime2.sty
Package: datetime2 2021/03/21 v1.5.7 (NLCT) date and time formats
 (/usr/local/texlive/2024/texmf-dist/tex/latex/tracklang/tracklang.sty
Package: tracklang 2022/12/13 v1.6.1 (NLCT) Track Languages
 (/usr/local/texlive/2024/texmf-dist/tex/generic/tracklang/tracklang.tex)) (/usr/local/texlive/2024/texmf-dist/tex/latex/datetime2-german/datetime2-german.ldf
File: datetime2-german.ldf 2019/12/13 v3.0
 (/usr/local/texlive/2024/texmf-dist/tex/latex/datetime2-german/datetime2-german-base.ldf
File: datetime2-german-base.ldf 2019/12/13 v3.0
 (/usr/local/texlive/2024/texmf-dist/tex/generic/iftex/ifxetex.sty
Package: ifxetex 2019/10/25 v0.7 ifxetex legacy package. Use iftex instead.
) (/usr/local/texlive/2024/texmf-dist/tex/generic/iftex/ifluatex.sty
Package: ifluatex 2019/10/25 v1.5 ifluatex legacy package. Use iftex instead.
) (/usr/local/texlive/2024/texmf-dist/tex/latex/datetime2-german/datetime2-german-base-ascii.ldf
File: datetime2-german-base-ascii.ldf 2019/12/13 v3.0
)))) (/usr/local/texlive/2024/texmf-dist/tex/generic/pgf/frontendlayer/tikz/libraries/tikzlibraryarrows.code.tex
File: tikzlibraryarrows.code.tex 2023-01-15 v3.1.10 (3.1.10)
 (/usr/local/texlive/2024/texmf-dist/tex/generic/pgf/libraries/pgflibraryarrows.code.tex
File: pgflibraryarrows.code.tex 2023-01-15 v3.1.10 (3.1.10)
\arrowsize=\dimen373
)) (/usr/local/texlive/2024/texmf-dist/tex/generic/pgf/frontendlayer/tikz/libraries/tikzlibraryangles.code.tex
File: tikzlibraryangles.code.tex 2023-01-15 v3.1.10 (3.1.10)
) (/usr/local/texlive/2024/texmf-dist/tex/latex/tikzmark/tikzlibrarytikzmark.code.tex
File: tikzlibrarytikzmark.code.tex 2022/08/24 v1.15 TikZ library for marking positions in a document
 (/usr/local/texlive/2024/texmf-dist/tex/latex/l3kernel/expl3.sty
Package: expl3 2024-02-20 L3 programming layer (loader) 
 (/usr/local/texlive/2024/texmf-dist/tex/latex/l3backend/l3backend-pdftex.def
File: l3backend-pdftex.def 2024-02-20 L3 backend support: PDF output (pdfTeX)
\l__color_backend_stack_int=\count388
\l__pdf_internal_box=\box137
)) (/usr/local/texlive/2024/texmf-dist/tex/latex/l3packages/l3keys2e/l3keys2e.sty
Package: l3keys2e 2024-02-18 LaTeX2e option processing using LaTeX3 keys
) (/usr/local/texlive/2024/texmf-dist/tex/latex/l3packages/xparse/xparse.sty
Package: xparse 2024-02-18 L3 Experimental document command parser
)
\l__sn_x_dim=\dimen374
\l__sn_y_dim=\dimen375
\l__sn_xa_dim=\dimen376
\l__sn_ya_dim=\dimen377
) (/usr/local/texlive/2024/texmf-dist/tex/generic/pgf/frontendlayer/tikz/libraries/tikzlibrarypetri.code.tex
File: tikzlibrarypetri.code.tex 2023-01-15 v3.1.10 (3.1.10)
) (/usr/local/texlive/2024/texmf-dist/tex/generic/pgf/frontendlayer/tikz/libraries/tikzlibrarypositioning.code.tex
File: tikzlibrarypositioning.code.tex 2023-01-15 v3.1.10 (3.1.10)
) (/usr/local/texlive/2024/texmf-dist/tex/generic/pgf/frontendlayer/tikz/libraries/tikzlibraryshapes.code.tex
File: tikzlibraryshapes.code.tex 2023-01-15 v3.1.10 (3.1.10)
 (/usr/local/texlive/2024/texmf-dist/tex/generic/pgf/frontendlayer/tikz/libraries/tikzlibraryshapes.geometric.code.tex
File: tikzlibraryshapes.geometric.code.tex 2023-01-15 v3.1.10 (3.1.10)
 (/usr/local/texlive/2024/texmf-dist/tex/generic/pgf/libraries/shapes/pgflibraryshapes.geometric.code.tex
File: pgflibraryshapes.geometric.code.tex 2023-01-15 v3.1.10 (3.1.10)
)) (/usr/local/texlive/2024/texmf-dist/tex/generic/pgf/frontendlayer/tikz/libraries/tikzlibraryshapes.misc.code.tex
File: tikzlibraryshapes.misc.code.tex 2023-01-15 v3.1.10 (3.1.10)
 (/usr/local/texlive/2024/texmf-dist/tex/generic/pgf/libraries/shapes/pgflibraryshapes.misc.code.tex
File: pgflibraryshapes.misc.code.tex 2023-01-15 v3.1.10 (3.1.10)
)) (/usr/local/texlive/2024/texmf-dist/tex/generic/pgf/frontendlayer/tikz/libraries/tikzlibraryshapes.symbols.code.tex
File: tikzlibraryshapes.symbols.code.tex 2023-01-15 v3.1.10 (3.1.10)
 (/usr/local/texlive/2024/texmf-dist/tex/generic/pgf/libraries/shapes/pgflibraryshapes.symbols.code.tex
File: pgflibraryshapes.symbols.code.tex 2023-01-15 v3.1.10 (3.1.10)
)) (/usr/local/texlive/2024/texmf-dist/tex/generic/pgf/frontendlayer/tikz/libraries/tikzlibraryshapes.arrows.code.tex
File: tikzlibraryshapes.arrows.code.tex 2023-01-15 v3.1.10 (3.1.10)
 (/usr/local/texlive/2024/texmf-dist/tex/generic/pgf/libraries/shapes/pgflibraryshapes.arrows.code.tex
File: pgflibraryshapes.arrows.code.tex 2023-01-15 v3.1.10 (3.1.10)
))
(/usr/local/texlive/2024/texmf-dist/tex/generic/pgf/frontendlayer/tikz/libraries/tikzlibraryshapes.callouts.code.tex (/usr/local/texlive/2024/texmf-dist/tex/generic/pgf/libraries/shapes/pgflibraryshapes.callouts.code.tex)) (/usr/local/texlive/2024/texmf-dist/tex/generic/pgf/frontendlayer/tikz/libraries/tikzlibraryshapes.multipart.code.tex
File: tikzlibraryshapes.multipart.code.tex 2023-01-15 v3.1.10 (3.1.10)
 (/usr/local/texlive/2024/texmf-dist/tex/generic/pgf/libraries/shapes/pgflibraryshapes.multipart.code.tex
File: pgflibraryshapes.multipart.code.tex 2023-01-15 v3.1.10 (3.1.10)
\pgfnodepartlowerbox=\box138
\pgfnodeparttwobox=\box139
\pgfnodepartthreebox=\box140
\pgfnodepartfourbox=\box141
\pgfnodeparttwentybox=\box142
\pgfnodepartnineteenbox=\box143
\pgfnodeparteighteenbox=\box144
\pgfnodepartseventeenbox=\box145
\pgfnodepartsixteenbox=\box146
\pgfnodepartfifteenbox=\box147
\pgfnodepartfourteenbox=\box148
\pgfnodepartthirteenbox=\box149
\pgfnodeparttwelvebox=\box150
\pgfnodepartelevenbox=\box151
\pgfnodeparttenbox=\box152
\pgfnodepartninebox=\box153
\pgfnodeparteightbox=\box154
\pgfnodepartsevenbox=\box155
\pgfnodepartsixbox=\box156
\pgfnodepartfivebox=\box157
)))
\c@ttlp@side=\count389
\ttlp@side=\count390
\c@page@count=\count391
 (/usr/local/texlive/2024/texmf-dist/tex/latex/listings/lstlang1.sty
File: lstlang1.sty 2024/02/21 1.10 listings language file
) (/usr/local/texlive/2024/texmf-dist/tex/latex/listings/lstlang1.sty
File: lstlang1.sty 2024/02/21 1.10 listings language file
) (/usr/local/texlive/2024/texmf-dist/tex/latex/listings/lstlang1.sty
File: lstlang1.sty 2024/02/21 1.10 listings language file
) (/usr/local/texlive/2024/texmf-dist/tex/latex/listings/lstmisc.sty
File: lstmisc.sty 2024/02/21 1.10 (Carsten Heinz)
))
LaTeX Font Info:    Trying to load font information for T1+txr on input line 43.
 (/usr/local/texlive/2024/texmf-dist/tex/latex/txfonts/t1txr.fd
File: t1txr.fd 2000/12/15 v3.1
) (./zusammenfassung.aux <Reading QR code for "https://github.com/Giamo08/Zusammenfassungen" at level 3-L from aux file.>
)
\openout1 = `zusammenfassung.aux'.

LaTeX Font Info:    Checking defaults for OML/txmi/m/it on input line 43.
LaTeX Font Info:    Trying to load font information for OML+txmi on input line 43.
 (/usr/local/texlive/2024/texmf-dist/tex/latex/txfonts/omltxmi.fd
File: omltxmi.fd 2000/12/15 v3.1
)
LaTeX Font Info:    ... okay on input line 43.
LaTeX Font Info:    Checking defaults for OMS/txsy/m/n on input line 43.
LaTeX Font Info:    Trying to load font information for OMS+txsy on input line 43.
 (/usr/local/texlive/2024/texmf-dist/tex/latex/txfonts/omstxsy.fd
File: omstxsy.fd 2000/12/15 v3.1
)
LaTeX Font Info:    ... okay on input line 43.
LaTeX Font Info:    Checking defaults for OT1/cmr/m/n on input line 43.
LaTeX Font Info:    ... okay on input line 43.
LaTeX Font Info:    Checking defaults for T1/cmr/m/n on input line 43.
LaTeX Font Info:    ... okay on input line 43.
LaTeX Font Info:    Checking defaults for TS1/cmr/m/n on input line 43.
LaTeX Font Info:    ... okay on input line 43.
LaTeX Font Info:    Checking defaults for OMX/txex/m/n on input line 43.
LaTeX Font Info:    Trying to load font information for OMX+txex on input line 43.
 (/usr/local/texlive/2024/texmf-dist/tex/latex/txfonts/omxtxex.fd
File: omxtxex.fd 2000/12/15 v3.1
)
LaTeX Font Info:    ... okay on input line 43.
LaTeX Font Info:    Checking defaults for U/txexa/m/n on input line 43.
LaTeX Font Info:    Trying to load font information for U+txexa on input line 43.
 (/usr/local/texlive/2024/texmf-dist/tex/latex/txfonts/utxexa.fd
File: utxexa.fd 2000/12/15 v3.1
)
LaTeX Font Info:    ... okay on input line 43.
LaTeX Font Info:    Checking defaults for PD1/pdf/m/n on input line 43.
LaTeX Font Info:    ... okay on input line 43.
LaTeX Font Info:    Checking defaults for PU/pdf/m/n on input line 43.
LaTeX Font Info:    ... okay on input line 43.
 (/usr/local/texlive/2024/texmf-dist/tex/latex/upquote/upquote.sty
Package: upquote 2012/04/19 v1.3 upright-quote and grave-accent glyphs in verbatim
)
*geometry* driver: auto-detecting
*geometry* detected driver: pdftex
*geometry* verbose mode - [ preamble ] result:
* driver: pdftex
* paper: a4paper
* layout: <same size as paper>
* layoutoffset:(h,v)=(0.0pt,0.0pt)
* modes: landscape twoside 
* h-part:(L,W,R)=(8.53581pt, 827.97522pt, 8.53581pt)
* v-part:(T,H,B)=(8.53581pt, 571.90042pt, 17.07164pt)
* \paperwidth=845.04684pt
* \paperheight=597.50787pt
* \textwidth=827.97522pt
* \textheight=571.90042pt
* \oddsidemargin=-63.73418pt
* \evensidemargin=-63.73418pt
* \topmargin=-63.73418pt
* \headheight=0.0pt
* \headsep=0.0pt
* \topskip=9.0pt
* \footskip=11.38109pt
* \marginparwidth=144.0pt
* \marginparsep=10.0pt
* \columnsep=4.2679pt
* \skip\footins=7.0pt plus 4.0pt minus 2.0pt
* \hoffset=0.0pt
* \voffset=0.0pt
* \mag=1000
* \@twocolumnfalse
* \@twosidetrue
* \@mparswitchtrue
* \@reversemarginfalse
* (1in=72.27pt=25.4mm, 1cm=28.453pt)

Option `squaren' provided! 
 Command \squaren defined by SIunits package!

(/usr/local/texlive/2024/texmf-dist/tex/context/base/mkii/supp-pdf.mkii
[Loading MPS to PDF converter (version 2006.09.02).]
\scratchcounter=\count392
\scratchdimen=\dimen378
\scratchbox=\box158
\nofMPsegments=\count393
\nofMParguments=\count394
\everyMPshowfont=\toks58
\MPscratchCnt=\count395
\MPscratchDim=\dimen379
\MPnumerator=\count396
\makeMPintoPDFobject=\count397
\everyMPtoPDFconversion=\toks59
) (/usr/local/texlive/2024/texmf-dist/tex/latex/epstopdf-pkg/epstopdf-base.sty
Package: epstopdf-base 2020-01-24 v2.11 Base part for package epstopdf
Package epstopdf-base Info: Redefining graphics rule for `.eps' on input line 485.
 (/usr/local/texlive/2024/texmf-dist/tex/latex/latexconfig/epstopdf-sys.cfg
File: epstopdf-sys.cfg 2010/07/13 v1.3 Configuration of (r)epstopdf for TeX Live
))
Package pgfplots notification 'compat/show suggested version=true': you might benefit from \pgfplotsset{compat=1.18} (current compat level: 1.17).

\c@lstlisting=\count398
Package hyperref Info: Link coloring OFF on input line 43.
(./zusammenfassung.out) (./zusammenfassung.out)
\@outlinefile=\write4
\openout4 = `zusammenfassung.out'.

 

<QR code requested for "https://github.com/Giamo08/Zusammenfassungen" in version 0-L.>
<Copying the QR code for "https://github.com/Giamo08/Zusammenfassungen" in version 3-L as previously calculated.>
LaTeX Font Info:    Trying to load font information for OT1+txr on input line 44.
(/usr/local/texlive/2024/texmf-dist/tex/latex/txfonts/ot1txr.fd
File: ot1txr.fd 2000/12/15 v3.1
)
LaTeX Font Info:    Trying to load font information for U+txsya on input line 44.
 (/usr/local/texlive/2024/texmf-dist/tex/latex/txfonts/utxsya.fd
File: utxsya.fd 2000/12/15 v3.1
)
LaTeX Font Info:    Trying to load font information for U+txsyb on input line 44.
 (/usr/local/texlive/2024/texmf-dist/tex/latex/txfonts/utxsyb.fd
File: utxsyb.fd 2000/12/15 v3.1
)
LaTeX Font Info:    Trying to load font information for U+txmia on input line 44.
 (/usr/local/texlive/2024/texmf-dist/tex/latex/txfonts/utxmia.fd
File: utxmia.fd 2000/12/15 v3.1
)
LaTeX Font Info:    Trying to load font information for U+txsyc on input line 44.
 (/usr/local/texlive/2024/texmf-dist/tex/latex/txfonts/utxsyc.fd
File: utxsyc.fd 2000/12/15 v3.1
)
LaTeX Font Info:    Trying to load font information for U+rsfs on input line 44.
 (/usr/local/texlive/2024/texmf-dist/tex/latex/jknapltx/ursfs.fd
File: ursfs.fd 1998/03/24 rsfs font definition file (jk)
)
LaTeX Font Info:    Font shape `T1/txr/b/n' in size <17.28> not available
(Font)              Font shape `T1/txr/bx/n' tried instead on input line 44.

contour: Using real outline for `\url {https://github.com/Giamo08/Zusammenfassungen}' on input line 44.
(./sections/01_Leistungshalbleiter.tex
LaTeX Font Info:    Font shape `T1/txr/b/n' in size <10.95> not available
(Font)              Font shape `T1/txr/bx/n' tried instead on input line 2.
LaTeX Font Info:    Font shape `T1/txr/b/n' in size <10> not available
(Font)              Font shape `T1/txr/bx/n' tried instead on input line 4.
LaTeX Font Info:    Trying to load font information for TS1+txr on input line 11.
 (/usr/local/texlive/2024/texmf-dist/tex/latex/txfonts/ts1txr.fd
File: ts1txr.fd 2000/12/15 v3.1
)
LaTeX Font Info:    Font shape `T1/txr/b/n' in size <8> not available
(Font)              Font shape `T1/txr/bx/n' tried instead on input line 11.

contour: Using real outline for `1.3.1\ ' on input line 73.
contour: Using real outline for `Betriebszustände' on input line 73.
contour: Using real outline for `1.3.2\ ' on input line 96.
contour: Using real outline for `Statisches Durchlassmodell' on input line 96.
<images/Didodekennlinie.png, id=710, 835.62187pt x 410.03188pt>
File: images/Didodekennlinie.png Graphic file (type png)
<use images/Didodekennlinie.png>
Package pdftex.def Info: images/Didodekennlinie.png  used on input line 120.
(pdftex.def)             Requested size: 232.17616pt x 113.92596pt.
<images/didodeunterschied.png, id=712, 838.13126pt x 500.87125pt>
File: images/didodeunterschied.png Graphic file (type png)
<use images/didodeunterschied.png>
Package pdftex.def Info: images/didodeunterschied.png  used on input line 123.
(pdftex.def)             Requested size: 232.17616pt x 138.74503pt.
contour: Using real outline for `1.3.3\ ' on input line 127.
contour: Using real outline for `Dynamisches Schaltverhalten' on input line 127.
<images/rueckerhol.png, id=713, 237.88875pt x 213.79875pt>
File: images/rueckerhol.png Graphic file (type png)
<use images/rueckerhol.png>
Package pdftex.def Info: images/rueckerhol.png  used on input line 155.
(pdftex.def)             Requested size: 232.17616pt x 208.67313pt.
contour: Using real outline for `1.4.1\ ' on input line 166.
contour: Using real outline for `Vier-Schichten-Struktur und Zündprinzip' on input line 166.
<images/thyristor.png, id=714, 1306.8825pt x 569.12625pt>
File: images/thyristor.png Graphic file (type png)
<use images/thyristor.png>
Package pdftex.def Info: images/thyristor.png  used on input line 191.
(pdftex.def)             Requested size: 232.17616pt x 101.10094pt.
contour: Using real outline for `1.4.2\ ' on input line 195.
contour: Using real outline for `Statisches Modell und Verluste' on input line 195.
[1

{/usr/local/texlive/2024/texmf-var/fonts/map/pdftex/updmap/pdftex.map}{/usr/local/texlive/2024/texmf-dist/fonts/enc/dvips/base/8r.enc} <./images/Didodekennlinie.png> <./images/didodeunterschied.png> <./images/rueckerhol.png>]
contour: Using real outline for `1.5.1\ ' on input line 226.
contour: Using real outline for `Gate-gesteuerter Feldeffekttransistor' on input line 226.
<images/MOSFET.png, id=743, 466.74374pt x 220.825pt>
File: images/MOSFET.png Graphic file (type png)
<use images/MOSFET.png>
Package pdftex.def Info: images/MOSFET.png  used on input line 247.
(pdftex.def)             Requested size: 232.17616pt x 109.84613pt.
contour: Using real outline for `1.5.2\ ' on input line 251.
contour: Using real outline for `Dynamisches Modell und Gate-Ladung' on input line 251.
contour: Using real outline for `1.6.1\ ' on input line 278.
contour: Using real outline for `Hybridstruktur MOS–Bipolar' on input line 278.
<images/IGBT.png, id=744, 220.825pt x 140.525pt>
File: images/IGBT.png Graphic file (type png)
<use images/IGBT.png>
Package pdftex.def Info: images/IGBT.png  used on input line 296.
(pdftex.def)             Requested size: 232.17616pt x 147.755pt.
contour: Using real outline for `1.6.2\ ' on input line 300.
contour: Using real outline for `Tail-Strom und Abschaltverluste' on input line 300.
LaTeX Font Info:    Font shape `T1/txr/b/n' in size <9> not available
(Font)              Font shape `T1/txr/bx/n' tried instead on input line 386.
[2 <./images/thyristor.png> <./images/MOSFET.png> <./images/IGBT.png>]) (./sections/02_Zeitbereichanalyse.tex

Package hyperref Warning: Token not allowed in a PDF string (Unicode):
(hyperref)                removing `math shift' on input line 2.


Package hyperref Warning: Token not allowed in a PDF string (Unicode):
(hyperref)                removing `math shift' on input line 2.


Package hyperref Warning: Token not allowed in a PDF string (Unicode):
(hyperref)                removing `math shift' on input line 2.


Package hyperref Warning: Token not allowed in a PDF string (Unicode):
(hyperref)                removing `math shift' on input line 2.

contour: Using real outline for `2.1.1\ ' on input line 20.
contour: Using real outline for `Ideale Grundschaltung' on input line 20.
contour: Using real outline for `2.1.2\ ' on input line 43.
contour: Using real outline for `Zwei Topologien pro Periode' on input line 43.
contour: Using real outline for `2.2.1\ ' on input line 79.
contour: Using real outline for `Einschaltphase' on input line 79.
contour: Using real outline for `2.2.2\ ' on input line 96.
contour: Using real outline for `Ausschaltphase' on input line 96.
contour: Using real outline for `2.7.1\ ' on input line 187.
contour: Using real outline for `Stromrippel' on input line 187.
contour: Using real outline for `2.7.2\ ' on input line 192.
contour: Using real outline for `Mittelwert des Stroms' on input line 192.
contour: Using real outline for `2.7.3\ ' on input line 201.
contour: Using real outline for `Effektivwert des Stroms' on input line 201.
contour: Using real outline for `2.7.4\ ' on input line 213.
contour: Using real outline for `Lastspannungen' on input line 213.
[3]
contour: Using real outline for `2.10.1\ ' on input line 294.
contour: Using real outline for `Induktivität $L$' on input line 294.
contour: Using real outline for `2.10.2\ ' on input line 300.
contour: Using real outline for `Schaltfrequenz $f_s = 1/T_s$' on input line 300.
contour: Using real outline for `2.10.3\ ' on input line 306.
contour: Using real outline for `Widerstand $R$' on input line 306.
) (./sections/03_Mittelwert_Effektivwert_Leistung.tex
contour: Using real outline for `3.2.1\ ' on input line 35.
contour: Using real outline for `Definition' on input line 35.
contour: Using real outline for `3.2.2\ ' on input line 42.
contour: Using real outline for `Interpretation und Eigenschaften' on input line 42.
contour: Using real outline for `3.3.1\ ' on input line 65.
contour: Using real outline for `Definition' on input line 65.
contour: Using real outline for `3.3.2\ ' on input line 72.
contour: Using real outline for `Interpretation und Vergleich' on input line 72.
contour: Using real outline for `3.4.1\ ' on input line 93.
contour: Using real outline for `Momentanleistung' on input line 93.
contour: Using real outline for `3.4.2\ ' on input line 101.
contour: Using real outline for `Wirkleistung' on input line 101.
contour: Using real outline for `3.4.3\ ' on input line 108.
contour: Using real outline for `Spezialfall: Ohmsche Last' on input line 108.
[4]
contour: Using real outline for `3.6.1\ ' on input line 167.
contour: Using real outline for `Grundfall: R--L-Last' on input line 167.
contour: Using real outline for `3.6.2\ ' on input line 199.
contour: Using real outline for `Lösung bei konstantem Spannungseingang' on input line 199.
contour: Using real outline for `3.6.3\ ' on input line 223.
contour: Using real outline for `Kontinuitätsbedingungen bei Schaltvorgängen' on input line 223.
contour: Using real outline for `3.6.4\ ' on input line 242.
contour: Using real outline for `Stückweise Betrieb bei Schaltperioden' on input line 242.
contour: Using real outline for `3.6.5\ ' on input line 281.
contour: Using real outline for `Stationär-periodischer Betrieb' on input line 281.
contour: Using real outline for `3.6.6\ ' on input line 300.
contour: Using real outline for `Stromrippel' on input line 300.
contour: Using real outline for `3.6.7\ ' on input line 324.
contour: Using real outline for `Mittelwert des Stroms' on input line 324.
contour: Using real outline for `3.6.8\ ' on input line 341.
contour: Using real outline for `Physikalische Kernaussagen' on input line 341.
) (./sections/04_Buck_Boost.tex [5]
<images/Buckconverter.png, id=875, 680.04062pt x 259.97125pt>
File: images/Buckconverter.png Graphic file (type png)
<use images/Buckconverter.png>
Package pdftex.def Info: images/Buckconverter.png  used on input line 138.
(pdftex.def)             Requested size: 232.17616pt x 88.75797pt.
<images/Buckconverter_verlauf.png, id=876, 653.44125pt x 783.42688pt>
File: images/Buckconverter_verlauf.png Graphic file (type png)
<use images/Buckconverter_verlauf.png>
Package pdftex.def Info: images/Buckconverter_verlauf.png  used on input line 143.
(pdftex.def)             Requested size: 232.17616pt x 278.3516pt.
<images/Boostconv.png, id=877, 656.4525pt x 322.70563pt>
File: images/Boostconv.png Graphic file (type png)
<use images/Boostconv.png>
Package pdftex.def Info: images/Boostconv.png  used on input line 194.
(pdftex.def)             Requested size: 232.17616pt x 114.13536pt.
<images/Boostconv_verlauf.png, id=878, 681.04437pt x 784.43062pt>
File: images/Boostconv_verlauf.png Graphic file (type png)
<use images/Boostconv_verlauf.png>
Package pdftex.def Info: images/Boostconv_verlauf.png  used on input line 199.
(pdftex.def)             Requested size: 232.17616pt x 267.42104pt.
<images/Buckboostconv.png, id=879, 651.93562pt x 265.99374pt>
File: images/Buckboostconv.png Graphic file (type png)
<use images/Buckboostconv.png>
Package pdftex.def Info: images/Buckboostconv.png  used on input line 250.
(pdftex.def)             Requested size: 232.17616pt x 94.7308pt.
 [6 <./images/Buckconverter.png> <./images/Buckconverter_verlauf.png> <./images/Boostconv.png> <./images/Boostconv_verlauf.png>]
<images/Buckboostconv_verlauf.png, id=901, 671.00688pt x 762.85pt>
File: images/Buckboostconv_verlauf.png Graphic file (type png)
<use images/Buckboostconv_verlauf.png>
Package pdftex.def Info: images/Buckboostconv_verlauf.png  used on input line 255.
(pdftex.def)             Requested size: 232.17616pt x 263.95178pt.
) (./sections/05a_Gleichrichter.tex
contour: Using real outline for `C-Glättung (kapazitive Last)' on input line 77.
contour: Using real outline for `L-Glättung (induktive Last)' on input line 117.
[7 <./images/Buckboostconv.png> <./images/Buckboostconv_verlauf.png>]
contour: Using real outline for `LC-Glättung (Tiefpassfilter)' on input line 159.
(./sections/05b_M1.tex
<images/M1U.png, id=924, 840.13875pt x 343.78438pt>
File: images/M1U.png Graphic file (type png)
<use images/M1U.png>
Package pdftex.def Info: images/M1U.png  used on input line 5.
(pdftex.def)             Requested size: 232.17616pt x 95.00523pt.
<images/M1U_verlauf.png, id=925, 923.45pt x 759.33687pt>
File: images/M1U_verlauf.png Graphic file (type png)
<use images/M1U_verlauf.png>
Package pdftex.def Info: images/M1U_verlauf.png  used on input line 72.
(pdftex.def)             Requested size: 232.17616pt x 190.91129pt.
<images/M1C.png, id=926, 504.88625pt x 239.39438pt>
File: images/M1C.png Graphic file (type png)
<use images/M1C.png>
Package pdftex.def Info: images/M1C.png  used on input line 79.
(pdftex.def)             Requested size: 232.17616pt x 110.08621pt.
 [8 <./images/M1U.png> <./images/M1U_verlauf.png>]
<images/M1C_verlauf.png, id=939, 637.38126pt x 633.36626pt>
File: images/M1C_verlauf.png Graphic file (type png)
<use images/M1C_verlauf.png>
Package pdftex.def Info: images/M1C_verlauf.png  used on input line 157.
(pdftex.def)             Requested size: 232.17616pt x 230.70804pt.
) (./sections/05c_B2.tex
<images/B2U.png, id=940, 302.12875pt x 168.63pt>
File: images/B2U.png Graphic file (type png)
<use images/B2U.png>
Package pdftex.def Info: images/B2U.png  used on input line 5.
(pdftex.def)             Requested size: 232.17616pt x 129.5856pt.
<images/B2U_verlauf.png, id=941, 225.84375pt x 224.84pt>
File: images/B2U_verlauf.png Graphic file (type png)
<use images/B2U_verlauf.png>
Package pdftex.def Info: images/B2U_verlauf.png  used on input line 76.
(pdftex.def)             Requested size: 232.17616pt x 231.15894pt.
<images/B1C.png, id=942, 455.20062pt x 406.51875pt>
File: images/B1C.png Graphic file (type png)
<use images/B1C.png>
Package pdftex.def Info: images/B1C.png  used on input line 82.
(pdftex.def)             Requested size: 232.17616pt x 207.34662pt.
 [9 <./images/M1C.png> <./images/M1C_verlauf.png> <./images/B2U.png> <./images/B2U_verlauf.png>]
<images/B1C_Verlauf.png, id=953, 445.665pt x 430.10687pt>
File: images/B1C_Verlauf.png Graphic file (type png)
<use images/B1C_Verlauf.png>
Package pdftex.def Info: images/B1C_Verlauf.png  used on input line 168.
(pdftex.def)             Requested size: 232.17616pt x 224.07031pt.
) (./sections/05d_B6.tex
<images/B6U.png, id=954, 681.04437pt x 296.60812pt>
File: images/B6U.png Graphic file (type png)
<use images/B6U.png>
Package pdftex.def Info: images/B6U.png  used on input line 5.
(pdftex.def)             Requested size: 177.54353pt x 77.32448pt.
<images/B6U_verlauf.png, id=955, 1184.92688pt x 681.54625pt>
File: images/B6U_verlauf.png Graphic file (type png)
<use images/B6U_verlauf.png>
Package pdftex.def Info: images/B6U_verlauf.png  used on input line 77.
(pdftex.def)             Requested size: 232.17616pt x 133.54056pt.
<images/B6C.png, id=956, 323.70938pt x 238.8925pt>
File: images/B6C.png Graphic file (type png)
<use images/B6C.png>
Package pdftex.def Info: images/B6C.png  used on input line 84.
(pdftex.def)             Requested size: 177.54353pt x 131.0231pt.
 [10 <./images/B1C.png> <./images/B1C_Verlauf.png> <./images/B6U.png> <./images/B6U_verlauf.png>]
<images/B6C_Verlauf.png, id=967, 735.24687pt x 721.69624pt>
File: images/B6C_Verlauf.png Graphic file (type png)
<use images/B6C_Verlauf.png>
Package pdftex.def Info: images/B6C_Verlauf.png  used on input line 174.
(pdftex.def)             Requested size: 232.17616pt x 227.89714pt.
)) (./sections/06_Steller.tex
<images/Wechselstromschalter.png, id=968, 532.48938pt x 554.07pt>
File: images/Wechselstromschalter.png Graphic file (type png)
<use images/Wechselstromschalter.png>
Package pdftex.def Info: images/Wechselstromschalter.png  used on input line 14.
(pdftex.def)             Requested size: 232.17616pt x 241.58495pt.
<images/Wechselstromsteller.png, id=969, 486.81876pt x 442.15187pt>
File: images/Wechselstromsteller.png Graphic file (type png)
<use images/Wechselstromsteller.png>
Package pdftex.def Info: images/Wechselstromsteller.png  used on input line 44.
(pdftex.def)             Requested size: 232.17616pt x 210.8744pt.
 [11 <./images/B6C.png> <./images/B6C_Verlauf.png> <./images/Wechselstromschalter.png>]
contour: Using real outline for `6.3.1\ ' on input line 164.
contour: Using real outline for `Grundgrössen und Definitionen' on input line 164.
contour: Using real outline for `6.3.2\ ' on input line 201.
contour: Using real outline for `R--L-Last im Zeitbereich' on input line 201.
contour: Using real outline for `6.3.3\ ' on input line 245.
contour: Using real outline for `Induktorspannung und Mittelwertbedingung' on input line 245.
contour: Using real outline for `6.3.4\ ' on input line 265.
contour: Using real outline for `Stromrippel und Betriebsarten' on input line 265.
contour: Using real outline for `6.3.5\ ' on input line 312.
contour: Using real outline for `Schalter- und Diodenbelastung' on input line 312.
[12 <./images/Wechselstromsteller.png>]
contour: Using real outline for `6.3.6\ ' on input line 351.
contour: Using real outline for `Einquadrantensteller (1Q)' on input line 351.
<images/Gleichstromsteller1Q.png, id=995, 1028.34187pt x 528.47438pt>
File: images/Gleichstromsteller1Q.png Graphic file (type png)
<use images/Gleichstromsteller1Q.png>
Package pdftex.def Info: images/Gleichstromsteller1Q.png  used on input line 354.
(pdftex.def)             Requested size: 232.17616pt x 119.31285pt.
contour: Using real outline for `6.3.7\ ' on input line 375.
contour: Using real outline for `Zweiquadrantensteller (2Q)' on input line 375.
<images/Gleichstromsteller2Q.png, id=996, 1062.46938pt x 649.92813pt>
File: images/Gleichstromsteller2Q.png Graphic file (type png)
<use images/Gleichstromsteller2Q.png>
Package pdftex.def Info: images/Gleichstromsteller2Q.png  used on input line 378.
(pdftex.def)             Requested size: 232.17616pt x 142.02267pt.
contour: Using real outline for `6.3.8\ ' on input line 405.
contour: Using real outline for `Vierquadrantensteller (4Q)' on input line 405.
<images/Gleichstromsteller4Q.png, id=997, 1167.36125pt x 636.3775pt>
File: images/Gleichstromsteller4Q.png Graphic file (type png)
<use images/Gleichstromsteller4Q.png>
Package pdftex.def Info: images/Gleichstromsteller4Q.png  used on input line 408.
(pdftex.def)             Requested size: 232.17616pt x 126.56439pt.
contour: Using real outline for `6.3.9\ ' on input line 438.
contour: Using real outline for `Bezug zur Gleichstrommaschine' on input line 438.
) (./sections/07_Gleichstrommaschine.tex
<images/Grundaufbau_gleistrommaschiene.png, id=998, 579.16376pt x 502.87875pt>
File: images/Grundaufbau_gleistrommaschiene.png Graphic file (type png)
<use images/Grundaufbau_gleistrommaschiene.png>
Package pdftex.def Info: images/Grundaufbau_gleistrommaschiene.png  used on input line 46.
(pdftex.def)             Requested size: 232.17616pt x 201.59299pt.

contour: Using real outline for `7.1.1\ ' on input line 50.
contour: Using real outline for `Vereinfachtes Ersatzschaltbild' on input line 50.
<images/gleichstrommasciene.png, id=999, 717.68124pt x 251.94125pt>
File: images/gleichstrommasciene.png Graphic file (type png)
<use images/gleichstrommasciene.png>
Package pdftex.def Info: images/gleichstrommasciene.png  used on input line 52.
(pdftex.def)             Requested size: 232.17616pt x 81.50319pt.
[13 <./images/Gleichstromsteller1Q.png> <./images/Gleichstromsteller2Q.png> <./images/Gleichstromsteller4Q.png> <./images/Grundaufbau_gleistrommaschiene.png>]
contour: Using real outline for `7.3.1\ ' on input line 100.
contour: Using real outline for `Elektrische Gleichung' on input line 100.
contour: Using real outline for `7.3.2\ ' on input line 111.
contour: Using real outline for `Mechanische Gleichung' on input line 111.
contour: Using real outline for `7.3.3\ ' on input line 124.
contour: Using real outline for `Leistungsbeziehungen' on input line 124.
contour: Using real outline for `7.4.1\ ' on input line 163.
contour: Using real outline for `Strom als Funktion von Spannung und Drehzahl' on input line 163.
contour: Using real outline for `7.7.1\ ' on input line 274.
contour: Using real outline for `Kennwerte' on input line 274.
contour: Using real outline for `7.7.2\ ' on input line 286.
contour: Using real outline for `Normierte Kennlinie' on input line 286.
[14 <./images/gleichstrommasciene.png>]

Package hyperref Warning: Token not allowed in a PDF string (Unicode):
(hyperref)                removing `math shift' on input line 319.


Package hyperref Warning: Token not allowed in a PDF string (Unicode):
(hyperref)                removing `subscript' on input line 319.


Package hyperref Warning: Token not allowed in a PDF string (Unicode):
(hyperref)                removing `math shift' on input line 319.

contour: Using real outline for `7.11.1\ ' on input line 360.
contour: Using real outline for `Stabilitätskriterium' on input line 360.
contour: Using real outline for `7.13.1\ ' on input line 411.
contour: Using real outline for `Gleichstromsteller (Chopper, CCM)' on input line 411.
contour: Using real outline for `7.13.2\ ' on input line 423.
contour: Using real outline for `Gesteuerter Gleichrichter (z.B. B2C/B6C)' on input line 423.
) (./sections/08_Harmonische_Spektralanalyse.tex [15]
contour: Using real outline for `8.4.1\ ' on input line 92.
contour: Using real outline for `Phasenanschnitt (Wechselstromsteller, B2C)' on input line 92.
File: images/Wechselstromsteller.png Graphic file (type png)
<use images/Wechselstromsteller.png>
Package pdftex.def Info: images/Wechselstromsteller.png  used on input line 93.
(pdftex.def)             Requested size: 232.17616pt x 210.8744pt.
<images/Wechselstromsteller_Verlauf.png, id=1076, 564.1075pt x 556.0775pt>
File: images/Wechselstromsteller_Verlauf.png Graphic file (type png)
<use images/Wechselstromsteller_Verlauf.png>
Package pdftex.def Info: images/Wechselstromsteller_Verlauf.png  used on input line 97.
(pdftex.def)             Requested size: 232.17616pt x 228.87569pt.
contour: Using real outline for `8.4.2\ ' on input line 107.
contour: Using real outline for `Rechteckwechselrichter' on input line 107.
contour: Using real outline for `8.4.3\ ' on input line 121.
contour: Using real outline for `PWM-Wechselrichter' on input line 121.
contour: Using real outline for `8.6.1\ ' on input line 148.
contour: Using real outline for `Total Harmonic Distortion (THD)' on input line 148.
contour: Using real outline for `8.6.2\ ' on input line 168.
contour: Using real outline for `Verzerrungsfaktor' on input line 168.
[16 <./images/Wechselstromsteller_Verlauf.png>]) (./sections/09_PWM.tex
<images/sinuspwm.png, id=1097, 383.4325pt x 132.495pt>
File: images/sinuspwm.png Graphic file (type png)
<use images/sinuspwm.png>
Package pdftex.def Info: images/sinuspwm.png  used on input line 19.
(pdftex.def)             Requested size: 232.17616pt x 80.22946pt.
<images/specpwm.png, id=1098, 838.13126pt x 301.125pt>
File: images/specpwm.png Graphic file (type png)
<use images/specpwm.png>
Package pdftex.def Info: images/specpwm.png  used on input line 79.
(pdftex.def)             Requested size: 232.17616pt x 83.41383pt.
) (./sections/10_Wechselrichter.tex
contour: Using real outline for `10.1.1\ ' on input line 34.
contour: Using real outline for `Grundschaltung: H-Brücke' on input line 34.
<images/1PWechselrichter.png, id=1099, 971.12813pt x 583.68062pt>
File: images/1PWechselrichter.png Graphic file (type png)
<use images/1PWechselrichter.png>
Package pdftex.def Info: images/1PWechselrichter.png  used on input line 36.
(pdftex.def)             Requested size: 232.17616pt x 139.54292pt.
[17 <./images/sinuspwm.png> <./images/specpwm.png>]
contour: Using real outline for `10.1.2\ ' on input line 49.
contour: Using real outline for `Rechteckbetrieb' on input line 49.
<images/1PWechselrichter_verlauf.png, id=1128, 1168.86688pt x 715.17188pt>
File: images/1PWechselrichter_verlauf.png Graphic file (type png)
<use images/1PWechselrichter_verlauf.png>
Package pdftex.def Info: images/1PWechselrichter_verlauf.png  used on input line 53.
(pdftex.def)             Requested size: 232.17616pt x 142.0497pt.
contour: Using real outline for `10.1.3\ ' on input line 82.
contour: Using real outline for `Fourier-Entwicklung' on input line 82.
contour: Using real outline for `10.1.4\ ' on input line 104.
contour: Using real outline for `Strom bei R--L-Last' on input line 104.
contour: Using real outline for `10.1.5\ ' on input line 127.
contour: Using real outline for `PWM-Betrieb (Sinus-PWM)' on input line 127.
contour: Using real outline for `10.1.6\ ' on input line 151.
contour: Using real outline for `Leistungsfluss' on input line 151.
contour: Using real outline for `10.1.7\ ' on input line 168.
contour: Using real outline for `Spezialfälle' on input line 168.
contour: Using real outline for `10.2.1\ ' on input line 193.
contour: Using real outline for `Grundschaltung' on input line 193.
<images/3PWechselrichter.png, id=1129, 941.01563pt x 640.3925pt>
File: images/3PWechselrichter.png Graphic file (type png)
<use images/3PWechselrichter.png>
Package pdftex.def Info: images/3PWechselrichter.png  used on input line 195.
(pdftex.def)             Requested size: 232.17616pt x 157.99683pt.
contour: Using real outline for `10.2.2\ ' on input line 212.
contour: Using real outline for `Grundschwingung' on input line 212.
contour: Using real outline for `10.2.3\ ' on input line 224.
contour: Using real outline for `R--L-Last pro Phase' on input line 224.
[18 <./images/1PWechselrichter.png> <./images/1PWechselrichter_verlauf.png> <./images/3PWechselrichter.png>]
contour: Using real outline for `10.2.4\ ' on input line 247.
contour: Using real outline for `Leistung im symmetrischen Betrieb' on input line 247.
) (./sections/11_Direktumrichter.tex
<images/direktumrichtergrund.png, id=1157, 1084.05pt x 362.35374pt>
File: images/direktumrichtergrund.png Graphic file (type png)
<use images/direktumrichtergrund.png>
Package pdftex.def Info: images/direktumrichtergrund.png  used on input line 24.
(pdftex.def)             Requested size: 232.17616pt x 77.60596pt.
<images/direktumrichter_matrix.png, id=1158, 307.1475pt x 164.615pt>
File: images/direktumrichter_matrix.png Graphic file (type png)
<use images/direktumrichter_matrix.png>
Package pdftex.def Info: images/direktumrichter_matrix.png  used on input line 75.
(pdftex.def)             Requested size: 232.17616pt x 124.43552pt.
<images/direktumrichter_kommutierung.png, id=1159, 381.425pt x 133.49875pt>
File: images/direktumrichter_kommutierung.png Graphic file (type png)
<use images/direktumrichter_kommutierung.png>
Package pdftex.def Info: images/direktumrichter_kommutierung.png  used on input line 187.
(pdftex.def)             Requested size: 232.17616pt x 81.26096pt.
 [19 <./images/direktumrichtergrund.png> <./images/direktumrichter_matrix.png>]) (./sections/100_Mathe.tex
contour: Using real outline for `12.1.1\ ' on input line 23.
contour: Using real outline for `Elementare Funktionen' on input line 23.
contour: Using real outline for `12.1.2\ ' on input line 39.
contour: Using real outline for `Lineare Regeln' on input line 39.
contour: Using real outline for `12.1.3\ ' on input line 47.
contour: Using real outline for `Produktregel' on input line 47.
contour: Using real outline for `12.1.4\ ' on input line 53.
contour: Using real outline for `Quotientenregel' on input line 53.
contour: Using real outline for `12.1.5\ ' on input line 60.
contour: Using real outline for `Kettenregel' on input line 60.
contour: Using real outline for `12.3.1\ ' on input line 90.
contour: Using real outline for `Elementare Integrale' on input line 90.
contour: Using real outline for `12.3.2\ ' on input line 104.
contour: Using real outline for `Lineare Regeln' on input line 104.
contour: Using real outline for `12.7.1\ ' on input line 167.
contour: Using real outline for `Grundidentitäten' on input line 167.
contour: Using real outline for `12.7.2\ ' on input line 177.
contour: Using real outline for `Winkeladdition' on input line 177.
contour: Using real outline for `12.7.3\ ' on input line 187.
contour: Using real outline for `Doppelwinkel' on input line 187.
contour: Using real outline for `12.7.4\ ' on input line 195.
contour: Using real outline for `Halbwinkel' on input line 195.
[20 <./images/direktumrichter_kommutierung.png>]
contour: Using real outline for `12.9.1\ ' on input line 233.
contour: Using real outline for `Euler-Formel' on input line 233.
contour: Using real outline for `12.9.2\ ' on input line 247.
contour: Using real outline for `Komplexe Sinusdarstellung' on input line 247.
contour: Using real outline for `12.10.1\ ' on input line 260.
contour: Using real outline for `Grundformen' on input line 260.
contour: Using real outline for `12.10.2\ ' on input line 274.
contour: Using real outline for `Konjugation' on input line 274.
contour: Using real outline for `12.10.3\ ' on input line 282.
contour: Using real outline for `Multiplikation und Division' on input line 282.
contour: Using real outline for `12.10.4\ ' on input line 290.
contour: Using real outline for `Real- und Imaginärteil' on input line 290.
contour: Using real outline for `12.11.1\ ' on input line 301.
contour: Using real outline for `Ableiten im Zeitbereich' on input line 301.
contour: Using real outline for `12.11.2\ ' on input line 307.
contour: Using real outline for `Impedanzen' on input line 307.
contour: Using real outline for `12.11.3\ ' on input line 317.
contour: Using real outline for `Serien- und Parallelschaltung' on input line 317.
contour: Using real outline for `12.12.1\ ' on input line 340.
contour: Using real outline for `Orthagonalitätsbeziehungen Basisfunktionen' on input line 340.
contour: Using real outline for `12.12.2\ ' on input line 363.
contour: Using real outline for `Berechnung der Fourier-Koeffizienten' on input line 363.
contour: Using real outline for `12.12.3\ ' on input line 396.
contour: Using real outline for `Sätze zur Berechnung der Koeffizienten' on input line 396.
contour: Using real outline for `12.12.4\ ' on input line 477.
contour: Using real outline for `Beispiele: Fourier-Koeffizienten' on input line 477.
[21]
Overfull \hbox (1.37305pt too wide) detected at line 732
\OML/txmi/m/it/8 a[] \OT1/txr/m/n/8 = [] [][] \OML/txmi/m/it/8 f\OT1/txr/m/n/8 (\OML/txmi/m/it/8 t\OT1/txr/m/n/8 ) [](\OML/txmi/m/it/8 n![]t\OT1/txr/m/n/8 ) \OML/txmi/m/it/8 dt \OT1/txr/m/n/8 = [] []
 []

[22] [23]
contour: Using real outline for `12.15.1\ ' on input line 1094.
contour: Using real outline for `Definition' on input line 1094.
contour: Using real outline for `12.15.2\ ' on input line 1103.
contour: Using real outline for `Wichtige Grundtransformierte' on input line 1103.
contour: Using real outline for `12.15.3\ ' on input line 1129.
contour: Using real outline for `Linearität' on input line 1129.
contour: Using real outline for `12.15.4\ ' on input line 1135.
contour: Using real outline for `Ableitungssatz' on input line 1135.
contour: Using real outline for `12.15.5\ ' on input line 1147.
contour: Using real outline for `Integralsatz' on input line 1147.
contour: Using real outline for `12.15.6\ ' on input line 1153.
contour: Using real outline for `Zeitverschiebung (Heaviside)' on input line 1153.
contour: Using real outline for `12.15.7\ ' on input line 1159.
contour: Using real outline for `Frequenzverschiebung' on input line 1159.
contour: Using real outline for `12.15.8\ ' on input line 1165.
contour: Using real outline for `Faltung' on input line 1165.
contour: Using real outline for `12.15.9\ ' on input line 1173.
contour: Using real outline for `Initial- und Finalwertsatz' on input line 1173.
contour: Using real outline for `12.15.10\ ' on input line 1183.
contour: Using real outline for `Inverse Laplace (Standardstrategien)' on input line 1183.
contour: Using real outline for `12.16.1\ ' on input line 1200.
contour: Using real outline for `Pol-Nullstellen-Darstellung' on input line 1200.
contour: Using real outline for `12.16.2\ ' on input line 1206.
contour: Using real outline for `Zeitkonstante und Eckfrequenz' on input line 1206.
contour: Using real outline for `12.17.1\ ' on input line 1220.
contour: Using real outline for `Standardform' on input line 1220.
contour: Using real outline for `12.17.2\ ' on input line 1241.
contour: Using real outline for `R--L-Kreis' on input line 1241.
contour: Using real outline for `12.17.3\ ' on input line 1254.
contour: Using real outline for `R--C-Kreis' on input line 1254.
contour: Using real outline for `12.18.1\ ' on input line 1272.
contour: Using real outline for `Standardform' on input line 1272.
contour: Using real outline for `12.18.2\ ' on input line 1284.
contour: Using real outline for `Dämpfungsfälle' on input line 1284.
contour: Using real outline for `12.18.3\ ' on input line 1297.
contour: Using real outline for `Freie Schwingung (homogene Lösung)' on input line 1297.
contour: Using real outline for `12.18.4\ ' on input line 1316.
contour: Using real outline for `Serien-RLC (Stromdynamik)' on input line 1316.
contour: Using real outline for `12.18.5\ ' on input line 1328.
contour: Using real outline for `Parallele-RLC (Spannungsdynamik)' on input line 1328.
[24]
contour: Using real outline for `12.18.6\ ' on input line 1340.
contour: Using real outline for `Laplace-Lösung von DGLs' on input line 1340.
contour: Using real outline for `12.18.7\ ' on input line 1351.
contour: Using real outline for `Standardübertragungsfunktionen' on input line 1351.
contour: Using real outline for `12.19.1\ ' on input line 1389.
contour: Using real outline for `1. Typ der Differentialgleichung identifizieren' on input line 1389.
contour: Using real outline for `12.19.2\ ' on input line 1411.
contour: Using real outline for `2. Homogene Lösung $u_{\mathrm {hom}}$' on input line 1411.
contour: Using real outline for `12.19.3\ ' on input line 1460.
contour: Using real outline for `3. Partikuläre Lösung $u_{\mathrm {part}}$' on input line 1460.
contour: Using real outline for `12.19.4\ ' on input line 1495.
contour: Using real outline for `4. Gesamtlösung und Konstanten' on input line 1495.
contour: Using real outline for `12.19.5\ ' on input line 1513.
contour: Using real outline for `Standardlösungen aus der Leistungselektronik' on input line 1513.
[25]
contour: Using real outline for `12.19.6\ ' on input line 1856.
contour: Using real outline for `Typische Prüfungsregeln' on input line 1856.
) (./sections/200_ET.tex
contour: Using real outline for `13.1.1\ ' on input line 13.
contour: Using real outline for `Strom, Spannung, Leistung' on input line 13.
contour: Using real outline for `13.1.2\ ' on input line 27.
contour: Using real outline for `Passives Vorzeichenkonzept' on input line 27.
contour: Using real outline for `13.2.1\ ' on input line 38.
contour: Using real outline for `Knoten- und Maschensatz' on input line 38.
[26]
contour: Using real outline for `13.2.2\ ' on input line 46.
contour: Using real outline for `Leiterwerte und Widerstände' on input line 46.
contour: Using real outline for `13.2.3\ ' on input line 54.
contour: Using real outline for `Serien- und Parallelschaltung' on input line 54.
contour: Using real outline for `13.3.1\ ' on input line 65.
contour: Using real outline for `Widerstand' on input line 65.
contour: Using real outline for `13.3.2\ ' on input line 73.
contour: Using real outline for `Induktivität' on input line 73.
contour: Using real outline for `13.3.3\ ' on input line 86.
contour: Using real outline for `Kapazität' on input line 86.
contour: Using real outline for `13.4.1\ ' on input line 102.
contour: Using real outline for `Sinusgrössen' on input line 102.
contour: Using real outline for `13.4.2\ ' on input line 121.
contour: Using real outline for `Phasor-Notation' on input line 121.
contour: Using real outline for `$U$' on input line 123.
contour: Using real outline for `$U$' on input line 123.
contour: Using real outline for `$U$' on input line 123.
contour: Using real outline for `$U$' on input line 123.
contour: Using real outline for `$I$' on input line 125.
contour: Using real outline for `$I$' on input line 125.
contour: Using real outline for `$I$' on input line 125.
contour: Using real outline for `$I$' on input line 125.
contour: Using real outline for `13.4.3\ ' on input line 129.
contour: Using real outline for `Impedanzen' on input line 129.
contour: Using real outline for `13.4.4\ ' on input line 150.
contour: Using real outline for `Komplexe Leistung' on input line 150.
contour: Using real outline for `$S$' on input line 152.
contour: Using real outline for `$S$' on input line 152.
contour: Using real outline for `$S$' on input line 152.
contour: Using real outline for `$S$' on input line 152.
contour: Using real outline for `$U$' on input line 152.
contour: Using real outline for `$U$' on input line 152.
contour: Using real outline for `$U$' on input line 152.
contour: Using real outline for `$U$' on input line 152.
contour: Using real outline for `$I$' on input line 152.
contour: Using real outline for `$I$' on input line 152.
contour: Using real outline for `$I$' on input line 152.
contour: Using real outline for `$I$' on input line 152.
contour: Using real outline for `13.6.1\ ' on input line 190.
contour: Using real outline for `Grundgrössen' on input line 190.
contour: Using real outline for `13.6.2\ ' on input line 211.
contour: Using real outline for `Ampèresches Gesetz' on input line 211.
contour: Using real outline for `13.6.3\ ' on input line 222.
contour: Using real outline for `Magnetische Spannung, Durchflutung' on input line 222.
contour: Using real outline for `13.6.4\ ' on input line 230.
contour: Using real outline for `Reluktanz und magnetischer Widerstand' on input line 230.
contour: Using real outline for `13.6.5\ ' on input line 248.
contour: Using real outline for `Induktivität aus Magnetkreis' on input line 248.
contour: Using real outline for `13.6.6\ ' on input line 258.
contour: Using real outline for `Luftspalt (dominant)' on input line 258.
contour: Using real outline for `13.6.7\ ' on input line 269.
contour: Using real outline for `Energie und Kraft im Magnetfeld' on input line 269.
contour: Using real outline for `13.6.8\ ' on input line 286.
contour: Using real outline for `Induzierte Spannung (Faraday)' on input line 286.
contour: Using real outline for `13.7.1\ ' on input line 299.
contour: Using real outline for `Idealer Trafo' on input line 299.
contour: Using real outline for `13.7.2\ ' on input line 326.
contour: Using real outline for `Induktivitäten und Kopplung' on input line 326.
[27]
contour: Using real outline for `13.8.1\ ' on input line 339.
contour: Using real outline for `Spannungen (symmetrisch)' on input line 339.
contour: Using real outline for `13.8.2\ ' on input line 358.
contour: Using real outline for `Leistung im Drehstromsystem' on input line 358.
contour: Using real outline for `13.8.3\ ' on input line 370.
contour: Using real outline for `Stern/Dreieck' on input line 370.
contour: Using real outline for `13.9.1\ ' on input line 389.
contour: Using real outline for `Elektrische und mechanische Winkelgeschwindigkeit' on input line 389.
contour: Using real outline for `13.9.2\ ' on input line 397.
contour: Using real outline for `Synchronmaschine (Grundbeziehungen)' on input line 397.
contour: Using real outline for `13.9.3\ ' on input line 407.
contour: Using real outline for `Asynchronmaschine (Schlupf)' on input line 407.
contour: Using real outline for `13.9.4\ ' on input line 415.
contour: Using real outline for `Gleichstrommaschine (Kernformeln)' on input line 415.
contour: Using real outline for `13.10.1\ ' on input line 428.
contour: Using real outline for `Lorentzkraft' on input line 428.
contour: Using real outline for `13.10.2\ ' on input line 443.
contour: Using real outline for `Leistungsfluss (Poynting)' on input line 443.
) (./sections/300_Uebungen.tex
contour: Using real outline for `a) Zeitfunktion des Stromes $i_R(t)$ im stationären Betrieb' on input line 7.
contour: Using real outline for `b) Mittelwert $\overline {i_R}$' on input line 88.
contour: Using real outline for `c) Effektivwert $I_{\mathrm {RMS}}$' on input line 140.
[28]
Overfull \hbox (26.15567pt too wide) detected at line 187
[]
 []

contour: Using real outline for `d) Spannungen $u_R(t)$ und $u_L(t)$' on input line 192.
contour: Using real outline for `e) Simulation/Verifikation (LTspice/PLECS)' on input line 214.
contour: Using real outline for `a) Zeitverlauf $u_2(t)$ und $u_R(t)$ für $t\in [0,60\,\mathrm {ms}]$' on input line 228.
contour: Using real outline for `b) Mittelwert und Effektivwert von $u_R(t)$' on input line 249.
contour: Using real outline for `c) Erste sechs Harmonische von $u_R(t)$' on input line 279.

Overfull \hbox (11.72604pt too wide) detected at line 290
\OML/txmi/m/it/8 a[] \OT1/txr/m/n/8 = [] [][] \OML/txmi/m/it/8 u[]\OT1/txr/m/n/8 (\OML/txmi/m/it/8 \OT1/txr/m/n/8 ) \OML/txmi/m/it/8 d;  a[] \OT1/txr/m/n/8 = [] [][] \OML/txmi/m/it/8 u[]\OT1/txr/m/n/8 (\OML/txmi/m/it/8 \OT1/txr/m/n/8 ) [](\OML/txmi/m/it/8 k\OT1/txr/m/n/8 ) \OML/txmi/m/it/8 d;  b[] \OT1/txr/m/n/8 = [] [][] \OML/txmi/m/it/8 u[]\OT1/txr/m/n/8 (\OML/txmi/m/it/8 \OT1/txr/m/n/8 ) [](\OML/txmi/m/it/8 k\OT1/txr/m/n/8 ) \OML/txmi/m/it/8 d:
 []


Overfull \hbox (2.67697pt too wide) detected at line 316
\OML/txmi/m/it/8 a[] \OT1/txr/m/n/8 = [] [][] [] \OML/txmi/m/it/8  []\OT1/txr/m/n/8 (\OML/txmi/m/it/8 k\OT1/txr/m/n/8 ) \OML/txmi/m/it/8 d \OT1/txr/m/n/8 = [] [] [] []\OML/txmi/m/it/8 k;  a[] \OT1/txr/m/n/8 = 0 []\OML/txmi/m/it/8 k:
 []


Overfull \hbox (65.86041pt too wide) detected at line 329
[]\OML/txmi/m/it/8 :
 []

contour: Using real outline for `a) Zeitverlauf $u_2(t)$ und $u_R(t)$ über drei Perioden' on input line 339.
contour: Using real outline for `b) Mittelwert und Effektivwert von $u_R(t)$' on input line 365.
contour: Using real outline for `c) Harmonische (Fourier-Koeffizienten)' on input line 393.
contour: Using real outline for `a) Zeitverlauf von $u_R(t)$ und $i_R(t)$ für $t\in [0,60\,\mathrm {ms}]$' on input line 421.
[29]
contour: Using real outline for `b) Mittelwert und Effektivwert von $u_R(t)$ und $i_R(t)$' on input line 458.
contour: Using real outline for `c) Wirkleistung $P$ an der ohmschen Last' on input line 519.
contour: Using real outline for `d) Fourierkoeffizienten von $i_R(t)$ (Spektrum)' on input line 543.
contour: Using real outline for `e) Blindleistung und Verzerrungsblindleistung' on input line 592.
contour: Using real outline for `a) $i_L(t)$ und $u_R(t)$ über eine Schaltperiode' on input line 618.
contour: Using real outline for `b) Bestimmung einer Schaltzeit aus $i_{\min }$, $i_{\max }$ (typische Prüfungsform)' on input line 681.

Overfull \hbox (21.36954pt too wide) in paragraph at lines 681--681
||   [][]| 
 []

contour: Using real outline for `a) Herleitung von $i_L(t)$ und $u_L(t)$ in einem PWM-Intervall' on input line 703.
[30]
contour: Using real outline for `b) Wodurch wird die Hauptfrequenz des Laststroms bestimmt?' on input line 750.
contour: Using real outline for `c) Vergleich idealer und realer Laststrom (qualitativ)' on input line 769.
contour: Using real outline for `a) Warum läuft die Maschine unterhalb einer Winkelgrenze nicht sauber an?' on input line 788.

Overfull \hbox (55.7435pt too wide) in paragraph at lines 788--788
||   [][]| 
 []

contour: Using real outline for `b) Warum steigt $n$ mit $\alpha $ zuerst, erreicht ein Maximum und fällt dann wieder?' on input line 822.

Overfull \hbox (58.03352pt too wide) in paragraph at lines 822--822
||   [][]| 
 []

contour: Using real outline for `c) Grenzbedingung für den Stromfluss' on input line 865.
) (./sections/400_Schnellentscheidung.tex
contour: Using real outline for `15.1.1\ ' on input line 12.
contour: Using real outline for `Grundrelationen' on input line 12.
contour: Using real outline for `15.1.2\ ' on input line 25.
contour: Using real outline for `Zeitkonstante und Einschwingen' on input line 25.
contour: Using real outline for `15.2.1\ ' on input line 40.
contour: Using real outline for `Schnellregeln' on input line 40.
contour: Using real outline for `15.2.2\ ' on input line 53.
contour: Using real outline for `Leistung' on input line 53.
contour: Using real outline for `15.2.3\ ' on input line 64.
contour: Using real outline for `Nichtsinusförmig' on input line 64.
contour: Using real outline for `15.3.1\ ' on input line 78.
contour: Using real outline for `Grundlogik' on input line 78.
contour: Using real outline for `15.3.2\ ' on input line 87.
contour: Using real outline for `Verluste' on input line 87.
contour: Using real outline for `15.3.3\ ' on input line 102.
contour: Using real outline for `Thermik' on input line 102.
[31]
contour: Using real outline for `15.3.4\ ' on input line 115.
contour: Using real outline for `Induktive Last' on input line 115.
contour: Using real outline for `15.4.1\ ' on input line 125.
contour: Using real outline for `Systematik' on input line 125.
contour: Using real outline for `15.4.2\ ' on input line 135.
contour: Using real outline for `Einfluss von Zündwinkel $\alpha $' on input line 135.
contour: Using real outline for `15.4.3\ ' on input line 143.
contour: Using real outline for `C-Glättung vs L-Glättung' on input line 143.
contour: Using real outline for `15.4.4\ ' on input line 152.
contour: Using real outline for `Kommutierungsüberlappung' on input line 152.
contour: Using real outline for `15.4.5\ ' on input line 159.
contour: Using real outline for `Harmonische' on input line 159.
contour: Using real outline for `15.6.1\ ' on input line 183.
contour: Using real outline for `1-Quadrant (Buck-artig)' on input line 183.
contour: Using real outline for `15.6.2\ ' on input line 191.
contour: Using real outline for `2- und 4-Quadrant' on input line 191.
contour: Using real outline for `15.7.1\ ' on input line 201.
contour: Using real outline for `Buck' on input line 201.
contour: Using real outline for `15.7.2\ ' on input line 209.
contour: Using real outline for `Boost' on input line 209.
contour: Using real outline for `15.7.3\ ' on input line 216.
contour: Using real outline for `Betriebsart' on input line 216.
contour: Using real outline for `15.12.1\ ' on input line 263.
contour: Using real outline for `Kernaussagen' on input line 263.
contour: Using real outline for `15.12.2\ ' on input line 269.
contour: Using real outline for `Ankerspannung' on input line 269.
contour: Using real outline for `15.12.3\ ' on input line 276.
contour: Using real outline for `Lastmoment' on input line 276.
contour: Using real outline for `15.12.4\ ' on input line 282.
contour: Using real outline for `Feld' on input line 282.
contour: Using real outline for `15.12.5\ ' on input line 289.
contour: Using real outline for `Anlauf' on input line 289.
) [32] (./zusammenfassung.aux <Reading QR code for "https://github.com/Giamo08/Zusammenfassungen" at level 3-L from aux file.>
)
 ***********
LaTeX2e <2023-11-01> patch level 1
L3 programming layer <2024-02-20>
 ***********
Package rerunfilecheck Info: File `zusammenfassung.out' has not changed.
(rerunfilecheck)             Checksum: F0A53BB0CEA58974DC5A44FCEBF61B76;39928.
 ) 
Here is how much of TeX's memory you used:
 66125 strings out of 474116
 1617853 string characters out of 5743681
 2579781 words of memory out of 5000000
 86714 multiletter control sequences out of 15000+600000
 655349 words of font info for 230 fonts, out of 8000000 for 9000
 1141 hyphenation exceptions out of 8191
 88i,16n,148p,1110b,2675s stack positions out of 10000i,1000n,20000p,200000b,200000s
</usr/local/texlive/2024/texmf-dist/fonts/type1/public/txfonts/rtcxr.pfb></usr/local/texlive/2024/texmf-dist/fonts/type1/public/txfonts/rtxb.pfb></usr/local/texlive/2024/texmf-dist/fonts/type1/public/txfonts/rtxmi.pfb></usr/local/texlive/2024/texmf-dist/fonts/type1/public/txfonts/rtxr.pfb></usr/local/texlive/2024/texmf-dist/fonts/type1/public/txfonts/txex.pfb></usr/local/texlive/2024/texmf-dist/fonts/type1/public/txfonts/txsy.pfb></usr/local/texlive/2024/texmf-dist/fonts/type1/public/txfonts/txsyb.pfb></usr/local/texlive/2024/texmf-dist/fonts/type1/public/txfonts/txsyc.pfb></usr/local/texlive/2024/texmf-dist/fonts/type1/urw/times/utmb8a.pfb></usr/local/texlive/2024/texmf-dist/fonts/type1/urw/times/utmbi8a.pfb></usr/local/texlive/2024/texmf-dist/fonts/type1/urw/times/utmr8a.pfb></usr/local/texlive/2024/texmf-dist/fonts/type1/urw/times/utmri8a.pfb>
Output written on zusammenfassung.pdf (32 pages, 4343051 bytes).
PDF statistics:
 1762 PDF objects out of 2073 (max. 8388607)
 1599 compressed objects within 16 object streams
 797 named destinations out of 1000 (max. 500000)
 1605 words of extra memory for PDF output out of 10000 (max. 10000000)

